"account_id","account_type","account_holder","balance","create_date"
"1","Checking","Holder_01","2964.22","2016-02-24"
"2","Credit","Holder_2","75911.9","2016-08-17"
"3","Credit","Holder_3","70851.65","2015-02-25"
"4","Checking","Holder_4","53974.06","2019-09-30"
"5","Savings","Holder_5","52667.44","2016-06-12"
"6","Credit","Holder_6","44504.21","2020-03-18"
"7","Investment","Holder_7","62093.23","2019-11-04"
"8","Checking","Holder_8","65973.22","2014-11-27"
"9","Checking","Holder_9","62463.68","2021-02-12"
"10","Investment","Holder_10","42097.54","2022-03-19"
"11","Investment","Holder_11","29760.61","2018-09-15"
"12","Savings","Holder_12","24995.85","2020-06-30"
"13","Savings","Holder_13","18856.94","2019-12-16"
"14","Credit","Holder_14","82611.99","2015-04-26"
"15","Investment","Holder_15","57610.25","2018-02-08"
"16","Credit","Holder_16","55451.01","2020-11-29"
"17","Savings","Holder_17","27095.06","2023-01-06"
"18","Credit","Holder_18","50753.46","2024-01-09"
"19","Checking","Holder_19","44015.73","2016-02-01"
"20","Credit","Holder_20","41337.51","2018-02-21"
"21","Investment","Holder_21","59352.2","2022-12-04"
"22","Investment","Holder_22","63261.35","2018-04-25"
"23","Savings","Holder_23","71925.58","2019-04-13"
"24","Investment","Holder_24","38971.38","2022-05-13"
"25","Investment","Holder_25","28900.88","2020-06-26"
"26","Credit","Holder_26","39578.32","2022-01-23"
"27","Credit","Holder_27","36510.93","2017-02-07"
"28","Savings","Holder_28","50648.28","2016-12-10"
"29","Savings","Holder_29","66002.66","2024-07-29"
"30","Checking","Holder_30","44596.54","2020-12-10"
"31","Checking","Holder_31","4635.25","2019-01-18"
"32","Savings","Holder_32","32974.06","2021-03-14"
"33","Investment","Holder_33","26063.89","2019-12-18"
"34","Investment","Holder_34","37724.01","2024-08-07"
"35","Checking","Holder_35","50530.69","2024-05-30"
"36","Credit","Holder_36","25772.22","2017-06-25"
"37","Investment","Holder_37","82930.74","2018-06-25"
"38","Savings","Holder_38","24207.9","2020-12-15"
"39","Checking","Holder_39","42565.48","2021-10-12"
"40","Credit","Holder_40","37074.21","2018-05-29"
"41","Investment","Holder_41","39635.32","2017-02-18"
"42","Savings","Holder_42","47191.03","2016-02-04"
"43","Credit","Holder_43","23301.49","2020-10-26"
"44","Checking","Holder_44","75329.22","2018-12-02"
"45","Checking","Holder_45","29735.87","2020-12-27"
"46","Savings","Holder_46","12477.13","2015-05-04"
"47","Savings","Holder_47","79318.12","2018-04-19"
"48","Checking","Holder_48","66386.28","2016-01-24"
"49","Credit","Holder_49","63247.65","2018-10-16"
"50","Checking","Holder_50","91685.03","2019-06-02"
"51","Credit","Holder_51","15218.77","2024-07-10"
"52","Credit","Holder_52","34212.55","2024-05-10"
"53","Investment","Holder_53","57621.21","2021-02-26"
"54","Savings","Holder_54","96969.66","2016-05-17"
"55","Credit","Holder_55","42546.19","2014-10-10"
"56","Credit","Holder_56","15471.55","2016-01-04"
"57","Savings","Holder_57","84970.37","2016-02-19"
"58","Savings","Holder_58","88766.15","2018-01-09"
"59","Savings","Holder_59","78165.64","2017-03-08"
"60","Investment","Holder_60","7425.35","2023-08-06"
"61","Investment","Holder_61","79802.62","2024-05-20"
"62","Checking","Holder_62","37083.94","2016-12-12"
"63","Checking","Holder_63","99226.77","2020-07-17"
"64","Checking","Holder_64","67768.87","2020-04-13"
"65","Credit","Holder_65","78748.22","2016-04-05"
"66","Investment","Holder_66","29531.95","2020-03-01"
"67","Savings","Holder_67","18499.35","2024-05-28"
"68","Checking","Holder_68","58666.38","2021-01-17"
"69","Checking","Holder_69","62353.15","2024-01-14"
"70","Credit","Holder_70","48210.02","2020-03-07"
"71","Checking","Holder_71","51331.87","2021-04-01"
"72","Investment","Holder_72","54190.42","2015-07-15"
"73","Checking","Holder_73","25718.26","2018-05-25"
"74","Credit","Holder_74","47562.76","2022-10-21"
"75","Savings","Holder_75","12649.53","2019-05-01"
"76","Investment","Holder_76","22675.64","2022-11-24"
"77","Credit","Holder_77","13774.27","2016-05-17"
"78","Savings","Holder_78","55464.98","2023-06-13"
"79","Credit","Holder_79","56948.27","2022-09-02"
"80","Credit","Holder_80","16428.16","2017-09-15"
"81","Checking","Holder_81","79817.33","2020-11-12"
"82","Credit","Holder_82","98765.59","2019-11-29"
"83","Investment","Holder_83","30494.02","2021-03-26"
"84","Savings","Holder_84","10088","2021-04-13"
"85","Credit","Holder_85","84918.29","2020-12-28"
"86","Investment","Holder_86","24365.24","2018-06-03"
"87","Investment","Holder_87","71183.98","2014-11-18"
"88","Credit","Holder_88","91404.46","2019-07-11"
"89","Savings","Holder_89","14708.65","2024-04-10"
"90","Investment","Holder_90","12741.09","2022-01-10"
"91","Credit","Holder_91","29410.47","2023-06-16"
"92","Checking","Holder_92","71515.26","2015-04-12"
"93","Credit","Holder_93","46173.05","2022-08-19"
"94","Checking","Holder_94","94468.69","2021-03-26"
"95","Investment","Holder_95","60032.98","2020-05-20"
"96","Savings","Holder_96","77988.47","2019-03-12"
"97","Investment","Holder_97","21538.47","2024-08-09"
"98","Investment","Holder_98","71005.22","2022-03-27"
"99","Credit","Holder_99","99263.53","2015-02-06"
"100","Checking","Holder_100","78103.61","2018-12-06"
"101","Checking","Holder_101","75277.7","2021-08-05"
"102","Credit","Holder_102","92671.07","2023-04-07"
"103","Investment","Holder_103","46628.77","2019-01-16"
"104","Credit","Holder_104","34527.41","2021-10-18"
"105","Investment","Holder_105","75105.73","2015-03-16"
"106","Credit","Holder_106","38143.67","2023-06-25"
"107","Investment","Holder_107","63795.83","2019-11-26"
"108","Investment","Holder_108","5672.47","2015-11-11"
"109","Credit","Holder_109","37950.48","2021-06-20"
"110","Savings","Holder_110","94795.92","2021-04-23"
"111","Credit","Holder_111","10471.25","2018-11-18"
"112","Checking","Holder_112","30291.25","2017-10-20"
"113","Credit","Holder_113","68051.45","2016-12-05"
"114","Checking","Holder_114","90790.2","2021-07-12"
"115","Investment","Holder_115","10949.81","2018-02-15"
"116","Investment","Holder_116","67029.82","2017-11-13"
"117","Checking","Holder_117","69843.5","2018-06-26"
"118","Investment","Holder_118","78057.8","2020-10-12"
"119","Investment","Holder_119","23367.17","2023-11-03"
"120","Savings","Holder_120","36681.09","2024-06-06"
"121","Checking","Holder_121","58408.06","2018-01-19"
"122","Checking","Holder_122","94421.3","2020-11-08"
"123","Investment","Holder_123","70171.31","2023-08-10"
"124","Investment","Holder_124","85782.09","2018-03-30"
"125","Investment","Holder_125","25174.48","2022-06-23"
"126","Savings","Holder_126","40030.61","2016-10-20"
"127","Investment","Holder_127","42705.15","2018-05-20"
"128","Checking","Holder_128","58945.77","2022-01-22"
"129","Savings","Holder_129","21351.52","2018-04-13"
"130","Credit","Holder_130","78626.33","2016-07-04"
"131","Investment","Holder_131","51704.05","2018-02-02"
"132","Credit","Holder_132","34475.32","2014-10-29"
"133","Credit","Holder_133","77385.5","2020-07-17"
"134","Credit","Holder_134","50243.11","2015-03-30"
"135","Investment","Holder_135","4760.4","2019-09-04"
"136","Credit","Holder_136","72457.47","2023-02-21"
"137","Checking","Holder_137","62088.01","2016-03-29"
"138","Savings","Holder_138","50639.07","2022-11-08"
"139","Savings","Holder_139","48796.28","2015-01-13"
"140","Checking","Holder_140","88361.48","2023-10-12"
"141","Checking","Holder_141","23245.67","2024-09-26"
"142","Investment","Holder_142","20997.55","2019-12-31"
"143","Investment","Holder_143","83997.32","2019-12-14"
"144","Savings","Holder_144","39072.62","2020-10-07"
"145","Savings","Holder_145","42375.93","2022-08-13"
"146","Checking","Holder_146","47191.72","2024-06-13"
"147","Savings","Holder_147","61226.99","2020-05-15"
"148","Savings","Holder_148","33706.21","2020-01-24"
"149","Savings","Holder_149","69219.64","2024-09-20"
"150","Savings","Holder_150","17393.89","2018-04-13"
"151","Checking","Holder_151","72101.51","2021-01-31"
"152","Savings","Holder_152","58285.07","2023-06-13"
"153","Credit","Holder_153","63195.29","2019-12-15"
"154","Investment","Holder_154","25435.15","2020-01-12"
"155","Savings","Holder_155","88525.63","2018-12-24"
"156","Investment","Holder_156","79088.69","2018-10-04"
"157","Savings","Holder_157","43129.44","2014-11-16"
"158","Checking","Holder_158","48932.57","2021-01-25"
"159","Credit","Holder_159","92084.29","2017-07-20"
"160","Credit","Holder_160","70711.35","2014-10-12"
"161","Credit","Holder_161","11145.77","2022-09-21"
"162","Investment","Holder_162","85956.41","2024-01-06"
"163","Savings","Holder_163","42309.04","2023-10-07"
"164","Savings","Holder_164","2263.32","2015-06-01"
"165","Savings","Holder_165","1238.24","2017-01-04"
"166","Investment","Holder_166","6657.66","2015-10-25"
"167","Savings","Holder_167","84104","2014-11-06"
"168","Investment","Holder_168","8984.65","2022-01-12"
"169","Investment","Holder_169","79386.97","2019-10-13"
"170","Investment","Holder_170","64059.72","2019-05-22"
"171","Credit","Holder_171","60158.38","2023-06-05"
"172","Credit","Holder_172","53593.57","2022-10-29"
"173","Savings","Holder_173","59525.75","2023-06-10"
"174","Investment","Holder_174","66100.01","2018-12-28"
"175","Checking","Holder_175","99745.32","2020-11-11"
"176","Investment","Holder_176","67711.24","2022-06-13"
"177","Savings","Holder_177","90118.16","2017-02-04"
"178","Investment","Holder_178","87693.17","2014-12-22"
"179","Credit","Holder_179","71152.12","2020-05-20"
"180","Investment","Holder_180","77700.48","2017-07-08"
"181","Investment","Holder_181","72564.17","2019-10-20"
"182","Checking","Holder_182","66196.12","2019-03-06"
"183","Checking","Holder_183","75539.71","2020-04-18"
"184","Savings","Holder_184","42081.75","2020-11-04"
"185","Savings","Holder_185","73594.35","2017-06-04"
"186","Investment","Holder_186","39420.83","2017-07-17"
"187","Credit","Holder_187","86996.43","2019-07-27"
"188","Savings","Holder_188","23963.7","2019-04-30"
"189","Credit","Holder_189","83101.67","2022-12-28"
"190","Credit","Holder_190","77258.08","2024-07-09"
"191","Savings","Holder_191","67762.98","2024-06-15"
"192","Credit","Holder_192","91565.79","2018-04-05"
"193","Investment","Holder_193","37109.14","2017-09-13"
"194","Investment","Holder_194","9197.87","2022-08-04"
"195","Investment","Holder_195","93678.55","2016-12-24"
"196","Investment","Holder_196","65215.58","2023-10-19"
"197","Savings","Holder_197","29242.97","2017-09-08"
"198","Checking","Holder_198","72727.71","2017-01-18"
"199","Investment","Holder_199","84266.16","2015-01-30"
"200","Credit","Holder_200","45432.67","2022-04-25"
"201","Checking","Holder_201","37302.49","2022-09-20"
"202","Savings","Holder_202","63862.99","2015-01-19"
"203","Investment","Holder_203","19710.39","2015-03-22"
"204","Investment","Holder_204","11139.06","2022-08-27"
"205","Investment","Holder_205","61281.25","2022-11-11"
"206","Savings","Holder_206","84397.35","2024-08-20"
"207","Savings","Holder_207","24599.19","2021-03-20"
"208","Investment","Holder_208","84015.16","2017-10-09"
"209","Savings","Holder_209","45335.12","2021-01-31"
"210","Checking","Holder_210","95896.19","2016-05-29"
"211","Checking","Holder_211","50918.63","2021-09-07"
"212","Credit","Holder_212","86153.26","2015-07-12"
"213","Savings","Holder_213","77111.33","2024-04-30"
"214","Credit","Holder_214","65934.29","2017-07-01"
"215","Credit","Holder_215","95968.03","2015-05-25"
"216","Checking","Holder_216","88142.08","2022-02-04"
"217","Savings","Holder_217","43331.51","2020-04-09"
"218","Credit","Holder_218","66527.46","2020-10-05"
"219","Checking","Holder_219","6785.13","2016-03-12"
"220","Checking","Holder_220","46075.91","2020-04-19"
"221","Credit","Holder_221","16051.35","2019-08-20"
"222","Credit","Holder_222","47805.93","2018-03-26"
"223","Credit","Holder_223","11679.87","2021-07-19"
"224","Savings","Holder_224","73878.94","2021-03-27"
"225","Credit","Holder_225","69222.48","2021-02-12"
"226","Savings","Holder_226","56569.91","2018-10-04"
"227","Investment","Holder_227","71097.12","2014-12-16"
"228","Credit","Holder_228","64817.19","2022-04-09"
"229","Savings","Holder_229","54910.86","2019-02-20"
"230","Credit","Holder_230","65662.32","2022-03-21"
"231","Savings","Holder_231","48379.76","2020-01-19"
"232","Checking","Holder_232","44934.56","2021-09-07"
"233","Credit","Holder_233","27802.25","2017-04-14"
"234","Checking","Holder_234","13697.45","2021-12-07"
"235","Credit","Holder_235","39894.77","2021-03-25"
"236","Checking","Holder_236","98921.26","2015-06-29"
"237","Checking","Holder_237","84417.52","2015-07-17"
"238","Checking","Holder_238","46134.52","2016-04-08"
"239","Credit","Holder_239","85049.06","2015-01-18"
"240","Savings","Holder_240","60504.54","2016-07-26"
"241","Savings","Holder_241","5161.14","2019-08-04"
"242","Investment","Holder_242","86007.65","2018-01-18"
"243","Savings","Holder_243","87707.36","2020-10-30"
"244","Investment","Holder_244","69879.09","2014-12-13"
"245","Checking","Holder_245","6952.9","2017-12-28"
"246","Investment","Holder_246","44738.4","2015-07-09"
"247","Investment","Holder_247","49863.68","2022-08-22"
"248","Credit","Holder_248","15456.61","2017-03-03"
"249","Checking","Holder_249","9128.33","2015-01-02"
"250","Credit","Holder_250","63186.71","2017-01-02"
"251","Investment","Holder_251","73313.18","2016-07-23"
"252","Checking","Holder_252","3571.05","2022-01-13"
"253","Credit","Holder_253","89814.1","2022-07-06"
"254","Savings","Holder_254","57844.63","2019-07-12"
"255","Investment","Holder_255","36133.02","2023-04-23"
"256","Investment","Holder_256","45907.58","2021-05-04"
"257","Checking","Holder_257","73852.51","2023-04-30"
"258","Checking","Holder_258","6163.05","2017-03-05"
"259","Savings","Holder_259","57912.45","2019-08-10"
"260","Credit","Holder_260","4009","2021-09-30"
"261","Credit","Holder_261","30217.72","2016-12-22"
"262","Credit","Holder_262","49503.84","2018-07-20"
"263","Savings","Holder_263","38663.28","2018-04-09"
"264","Credit","Holder_264","67231.17","2021-06-10"
"265","Checking","Holder_265","50445.42","2020-11-07"
"266","Credit","Holder_266","94653.13","2024-06-13"
"267","Investment","Holder_267","31741.64","2021-08-04"
"268","Savings","Holder_268","66006.93","2021-12-10"
"269","Checking","Holder_269","64968.39","2016-09-02"
"270","Credit","Holder_270","19440.48","2023-10-09"
"271","Checking","Holder_271","35352.2","2018-11-09"
"272","Credit","Holder_272","49680.19","2016-09-20"
"273","Checking","Holder_273","43310.89","2020-01-22"
"274","Credit","Holder_274","72055.32","2016-09-27"
"275","Investment","Holder_275","82130.69","2019-11-05"
"276","Investment","Holder_276","17284.19","2018-11-15"
"277","Credit","Holder_277","64834.81","2024-05-31"
"278","Savings","Holder_278","40263.32","2016-02-01"
"279","Savings","Holder_279","57239.04","2015-06-17"
"280","Savings","Holder_280","81048.85","2022-01-13"
"281","Investment","Holder_281","10054.14","2024-02-10"
"282","Checking","Holder_282","51059.42","2020-12-23"
"283","Checking","Holder_283","31290.02","2022-04-12"
"284","Investment","Holder_284","84569.15","2024-03-06"
"285","Investment","Holder_285","41569.73","2020-02-03"
"286","Checking","Holder_286","43328.29","2022-09-14"
"287","Credit","Holder_287","54994.14","2014-10-30"
"288","Savings","Holder_288","32450.15","2023-06-20"
"289","Credit","Holder_289","98515.34","2020-01-20"
"290","Investment","Holder_290","3517.87","2017-11-19"
"291","Credit","Holder_291","9649.1","2022-09-12"
"292","Savings","Holder_292","4840.16","2023-03-27"
"293","Checking","Holder_293","80014.38","2021-02-18"
"294","Savings","Holder_294","90613.88","2018-05-23"
"295","Savings","Holder_295","55334.23","2019-11-10"
"296","Credit","Holder_296","90743.12","2017-11-27"
"297","Checking","Holder_297","62141.66","2019-07-26"
"298","Savings","Holder_298","74461.02","2017-12-16"
"299","Savings","Holder_299","86895.99","2020-03-18"
"300","Credit","Holder_300","25246.52","2021-12-12"
"301","Checking","Holder_301","31024.18","2022-07-15"
"302","Savings","Holder_302","63315.62","2019-03-26"
"303","Investment","Holder_303","42618.75","2015-02-15"
"304","Savings","Holder_304","88663.48","2018-09-27"
"305","Savings","Holder_305","77132.14","2016-12-13"
"306","Checking","Holder_306","32591.05","2018-04-12"
"307","Savings","Holder_307","11444.61","2021-05-22"
"308","Credit","Holder_308","80670.81","2023-07-11"
"309","Checking","Holder_309","99528.97","2023-07-05"
"310","Savings","Holder_310","6114.75","2017-04-26"
"311","Investment","Holder_311","6266.33","2016-01-24"
"312","Savings","Holder_312","83056.49","2022-07-24"
"313","Credit","Holder_313","11415.34","2017-08-17"
"314","Credit","Holder_314","37950.86","2023-12-15"
"315","Savings","Holder_315","17085.61","2024-09-21"
"316","Checking","Holder_316","79379.36","2022-01-20"
"317","Credit","Holder_317","85708.8","2023-04-23"
"318","Savings","Holder_318","63056.05","2017-09-30"
"319","Investment","Holder_319","16285.08","2018-09-02"
"320","Credit","Holder_320","97219.31","2016-09-08"
"321","Savings","Holder_321","2714.5","2015-03-05"
"322","Investment","Holder_322","41908.93","2023-12-21"
"323","Investment","Holder_323","6449.1","2022-06-24"
"324","Checking","Holder_324","2819.18","2023-01-12"
"325","Credit","Holder_325","34051.71","2015-02-11"
"326","Savings","Holder_326","36812.46","2020-08-29"
"327","Credit","Holder_327","31508.3","2023-11-23"
"328","Investment","Holder_328","67137.18","2019-07-26"
"329","Savings","Holder_329","56858.65","2018-11-21"
"330","Credit","Holder_330","76705.02","2022-09-25"
"331","Savings","Holder_331","38940.49","2016-07-08"
"332","Savings","Holder_332","16633.52","2016-03-14"
"333","Checking","Holder_333","67580.07","2015-07-08"
"334","Checking","Holder_334","75566.18","2017-08-12"
"335","Checking","Holder_335","97731.67","2023-07-19"
"336","Savings","Holder_336","18289.84","2024-03-21"
"337","Checking","Holder_337","61969.69","2021-10-17"
"338","Investment","Holder_338","99053.03","2021-11-25"
"339","Savings","Holder_339","65925.6","2016-03-31"
"340","Credit","Holder_340","54399.36","2022-03-08"
"341","Checking","Holder_341","40013.87","2022-12-04"
"342","Credit","Holder_342","79034.21","2015-09-17"
"343","Credit","Holder_343","16039.31","2024-09-05"
"344","Savings","Holder_344","14122.97","2020-06-24"
"345","Investment","Holder_345","72522.76","2019-07-01"
"346","Savings","Holder_346","13541.9","2021-09-13"
"347","Checking","Holder_347","84361.67","2018-09-07"
"348","Checking","Holder_348","30703.84","2017-10-06"
"349","Credit","Holder_349","1671.18","2021-07-07"
"350","Checking","Holder_350","2918.66","2019-10-04"
"351","Savings","Holder_351","64177.27","2022-02-27"
"352","Checking","Holder_352","44464.77","2024-03-20"
"353","Savings","Holder_353","66197.9","2020-09-18"
"354","Credit","Holder_354","85463.07","2016-04-25"
"355","Credit","Holder_355","54864.8","2019-12-08"
"356","Investment","Holder_356","46106.15","2015-07-27"
"357","Savings","Holder_357","10774.18","2018-01-04"
"358","Checking","Holder_358","88037.37","2022-11-15"
"359","Checking","Holder_359","16265.31","2018-07-18"
"360","Investment","Holder_360","43666.02","2018-03-28"
"361","Investment","Holder_361","49146.25","2021-06-11"
"362","Savings","Holder_362","41254.89","2019-12-09"
"363","Savings","Holder_363","74028.91","2019-11-05"
"364","Investment","Holder_364","49376.91","2018-12-10"
"365","Investment","Holder_365","3825.47","2016-06-07"
"366","Savings","Holder_366","31837.69","2021-10-30"
"367","Investment","Holder_367","82279.54","2024-01-24"
"368","Credit","Holder_368","54810.69","2019-03-21"
"369","Checking","Holder_369","75377.99","2024-02-05"
"370","Savings","Holder_370","27441.68","2016-03-07"
"371","Checking","Holder_371","71917.74","2016-09-04"
"372","Checking","Holder_372","64153.21","2019-02-02"
"373","Investment","Holder_373","62393.53","2016-06-13"
"374","Savings","Holder_374","1747.88","2023-03-23"
"375","Savings","Holder_375","67332.05","2018-01-07"
"376","Investment","Holder_376","15156.08","2017-04-05"
"377","Credit","Holder_377","6625.27","2017-02-10"
"378","Savings","Holder_378","61944.42","2021-08-17"
"379","Checking","Holder_379","71120.17","2018-01-19"
"380","Savings","Holder_380","4406.56","2019-08-21"
"381","Credit","Holder_381","60397.65","2020-04-30"
"382","Investment","Holder_382","70559.01","2020-11-25"
"383","Savings","Holder_383","45819.61","2017-07-03"
"384","Credit","Holder_384","67655.18","2021-01-24"
"385","Credit","Holder_385","63668.28","2015-03-07"
"386","Checking","Holder_386","52520.34","2018-03-01"
"387","Investment","Holder_387","25593.56","2015-03-29"
"388","Credit","Holder_388","52015.3","2020-11-03"
"389","Credit","Holder_389","83703.48","2023-06-01"
"390","Checking","Holder_390","52858.97","2021-08-06"
"391","Investment","Holder_391","56759.63","2016-04-13"
"392","Savings","Holder_392","99479.28","2016-02-11"
"393","Checking","Holder_393","33899.88","2020-08-16"
"394","Investment","Holder_394","93633.79","2019-12-25"
"395","Credit","Holder_395","87279.7","2021-09-16"
"396","Checking","Holder_396","25768.6","2016-04-16"
"397","Checking","Holder_397","81676.15","2020-07-21"
"398","Savings","Holder_398","17212.16","2019-10-07"
"399","Savings","Holder_399","26230.96","2017-07-21"
"400","Savings","Holder_400","61767.92","2015-11-25"
"401","Investment","Holder_401","49932.9","2015-10-20"
"402","Credit","Holder_402","89530.01","2018-06-26"
"403","Savings","Holder_403","31526.36","2016-07-23"
"404","Savings","Holder_404","69001.86","2019-04-12"
"405","Savings","Holder_405","63886.71","2023-05-06"
"406","Savings","Holder_406","67079.46","2014-11-04"
"407","Checking","Holder_407","97905.83","2024-04-10"
"408","Investment","Holder_408","93730.73","2020-10-13"
"409","Checking","Holder_409","57816.35","2015-11-21"
"410","Checking","Holder_410","21002.5","2020-07-25"
"411","Credit","Holder_411","67133.47","2021-11-08"
"412","Investment","Holder_412","51724.65","2020-07-25"
"413","Investment","Holder_413","98322.58","2021-12-03"
"414","Credit","Holder_414","71181.13","2019-10-14"
"415","Credit","Holder_415","29669.31","2020-10-05"
"416","Checking","Holder_416","98474.15","2015-10-30"
"417","Checking","Holder_417","3028.55","2022-06-30"
"418","Credit","Holder_418","84694.1","2021-04-05"
"419","Investment","Holder_419","11462.19","2015-12-15"
"420","Credit","Holder_420","48195.56","2024-09-01"
"421","Savings","Holder_421","74887.08","2021-04-15"
"422","Checking","Holder_422","66334.31","2015-06-09"
"423","Checking","Holder_423","5057.39","2019-04-13"
"424","Credit","Holder_424","92339.34","2015-01-03"
"425","Savings","Holder_425","24614.23","2019-11-18"
"426","Investment","Holder_426","66904.46","2022-03-26"
"427","Investment","Holder_427","38090.78","2020-10-06"
"428","Credit","Holder_428","45558.42","2016-06-05"
"429","Checking","Holder_429","23296.86","2018-11-05"
"430","Investment","Holder_430","8559.89","2024-04-01"
"431","Investment","Holder_431","92794.47","2019-10-24"
"432","Investment","Holder_432","33409.24","2015-06-10"
"433","Checking","Holder_433","60491.57","2020-11-07"
"434","Credit","Holder_434","33571.9","2016-06-07"
"435","Investment","Holder_435","38923.79","2018-03-11"
"436","Savings","Holder_436","86102.03","2015-02-18"
"437","Savings","Holder_437","4876.33","2021-04-18"
"438","Checking","Holder_438","2958.12","2015-04-03"
"439","Savings","Holder_439","91120.78","2018-06-16"
"440","Savings","Holder_440","73218.7","2021-03-03"
"441","Savings","Holder_441","76829.96","2016-09-03"
"442","Checking","Holder_442","65536.39","2019-10-29"
"443","Checking","Holder_443","26260.68","2020-01-18"
"444","Credit","Holder_444","20591.45","2022-10-04"
"445","Savings","Holder_445","37593.31","2020-09-30"
"446","Investment","Holder_446","62826.33","2020-12-13"
"447","Investment","Holder_447","25570.8","2022-01-23"
"448","Savings","Holder_448","30470.59","2015-01-15"
"449","Savings","Holder_449","99843.96","2024-05-08"
"450","Checking","Holder_450","58688.24","2018-09-16"
"451","Savings","Holder_451","48741.71","2017-01-29"
"452","Investment","Holder_452","10712.14","2018-02-10"
"453","Credit","Holder_453","99892.68","2020-04-28"
"454","Credit","Holder_454","10604.38","2023-06-09"
"455","Checking","Holder_455","86886.02","2020-06-10"
"456","Savings","Holder_456","97095.31","2024-03-11"
"457","Investment","Holder_457","77656.17","2016-11-22"
"458","Savings","Holder_458","11013.95","2016-07-17"
"459","Savings","Holder_459","18910.95","2021-09-24"
"460","Checking","Holder_460","40688.73","2022-10-13"
"461","Checking","Holder_461","35759.4","2015-08-18"
"462","Investment","Holder_462","17859.51","2019-03-21"
"463","Credit","Holder_463","70909.6","2017-10-10"
"464","Checking","Holder_464","97492.31","2019-11-15"
"465","Investment","Holder_465","83816.05","2019-08-19"
"466","Credit","Holder_466","95343.47","2022-11-29"
"467","Savings","Holder_467","4003.39","2021-01-16"
"468","Checking","Holder_468","68132.67","2015-12-26"
"469","Credit","Holder_469","20839.23","2018-07-02"
"470","Checking","Holder_470","69652.32","2015-06-22"
"471","Savings","Holder_471","12414.23","2021-04-25"
"472","Credit","Holder_472","41197.11","2022-07-01"
"473","Investment","Holder_473","25686.7","2023-07-30"
"474","Savings","Holder_474","54852.04","2021-04-21"
"475","Investment","Holder_475","67400.01","2022-03-07"
"476","Investment","Holder_476","2666.11","2019-05-21"
"477","Checking","Holder_477","80063.33","2017-02-01"
"478","Savings","Holder_478","28438","2014-10-26"
"479","Checking","Holder_479","81352.87","2022-08-05"
"480","Checking","Holder_480","72891.54","2020-11-18"
"481","Savings","Holder_481","43724.09","2014-10-29"
"482","Checking","Holder_482","31513.51","2021-11-20"
"483","Checking","Holder_483","68805","2019-09-01"
"484","Savings","Holder_484","59023.04","2023-08-17"
"485","Credit","Holder_485","18280.29","2024-07-13"
"486","Investment","Holder_486","42714.9","2020-08-21"
"487","Investment","Holder_487","37544.99","2015-09-24"
"488","Savings","Holder_488","36758.72","2019-05-27"
"489","Checking","Holder_489","94626.25","2022-05-15"
"490","Savings","Holder_490","96823.89","2021-03-03"
"491","Savings","Holder_491","86422.05","2017-04-18"
"492","Savings","Holder_492","24688.83","2022-10-12"
"493","Credit","Holder_493","25129.08","2022-09-09"
"494","Credit","Holder_494","5210.19","2021-03-26"
"495","Savings","Holder_495","19346.55","2018-10-20"
"496","Checking","Holder_496","47749.12","2016-07-30"
"497","Investment","Holder_497","51832.05","2023-04-21"
"498","Credit","Holder_498","44676.38","2020-08-29"
"499","Investment","Holder_499","35370.25","2015-01-20"
"500","Checking","Holder_500","14268.94","2014-11-14"
"501","Checking","Holder_501","32292.2","2016-05-10"
"502","Savings","Holder_502","50516.04","2014-12-11"
"503","Checking","Holder_503","49720.15","2016-04-19"
"504","Savings","Holder_504","38531.47","2015-09-30"
"505","Credit","Holder_505","8112.79","2019-01-26"
"506","Checking","Holder_506","77451.25","2021-04-11"
"507","Credit","Holder_507","25071.15","2019-04-03"
"508","Savings","Holder_508","56826.77","2022-08-09"
"509","Investment","Holder_509","44676.3","2017-11-08"
"510","Checking","Holder_510","32479.9","2019-05-29"
"511","Savings","Holder_511","34203.09","2019-11-10"
"512","Credit","Holder_512","84080.82","2021-03-24"
"513","Credit","Holder_513","4157.12","2023-10-15"
"514","Savings","Holder_514","46060.74","2018-08-18"
"515","Savings","Holder_515","83381.1","2019-05-31"
"516","Checking","Holder_516","62524.65","2023-02-15"
"517","Investment","Holder_517","43710.57","2023-01-23"
"518","Savings","Holder_518","2392.06","2016-04-18"
"519","Credit","Holder_519","34704.95","2017-06-30"
"520","Investment","Holder_520","8458.48","2015-03-18"
"521","Savings","Holder_521","69554.76","2022-03-24"
"522","Credit","Holder_522","68158.2","2021-07-16"
"523","Investment","Holder_523","44320.94","2017-04-19"
"524","Credit","Holder_524","72848.59","2022-12-03"
"525","Credit","Holder_525","60718.27","2018-02-20"
"526","Credit","Holder_526","66608.71","2021-08-22"
"527","Checking","Holder_527","78319.17","2020-04-25"
"528","Checking","Holder_528","37496.04","2022-03-17"
"529","Investment","Holder_529","3527.55","2015-10-20"
"530","Credit","Holder_530","80842.49","2018-11-17"
"531","Savings","Holder_531","73433.55","2020-01-29"
"532","Checking","Holder_532","45462.16","2014-11-06"
"533","Checking","Holder_533","1299.68","2021-07-04"
"534","Savings","Holder_534","90752.84","2022-06-27"
"535","Credit","Holder_535","56353.48","2018-01-01"
"536","Checking","Holder_536","92797.4","2019-06-23"
"537","Credit","Holder_537","41045.66","2019-07-09"
"538","Savings","Holder_538","58424.5","2023-09-20"
"539","Savings","Holder_539","68686.43","2016-03-01"
"540","Investment","Holder_540","7724.11","2019-12-02"
"541","Credit","Holder_541","98559.23","2018-11-27"
"542","Investment","Holder_542","72363.43","2015-03-17"
"543","Checking","Holder_543","85584.34","2023-02-08"
"544","Investment","Holder_544","34274.04","2024-04-07"
"545","Investment","Holder_545","34849.76","2015-06-24"
"546","Checking","Holder_546","42918.78","2021-11-05"
"547","Credit","Holder_547","7717.08","2016-05-29"
"548","Savings","Holder_548","83124.01","2019-01-17"
"549","Savings","Holder_549","60376.65","2018-04-08"
"550","Investment","Holder_550","60317.77","2019-02-07"
"551","Credit","Holder_551","84086.05","2016-10-10"
"552","Checking","Holder_552","7335.66","2021-03-09"
"553","Credit","Holder_553","26800.15","2020-05-04"
"554","Checking","Holder_554","98713.57","2023-01-19"
"555","Credit","Holder_555","98711.98","2015-07-23"
"556","Credit","Holder_556","75121.71","2017-09-14"
"557","Checking","Holder_557","49746.21","2020-05-14"
"558","Investment","Holder_558","53554.42","2016-10-01"
"559","Savings","Holder_559","85943.2","2015-11-13"
"560","Checking","Holder_560","23704.57","2021-12-19"
"561","Credit","Holder_561","67876.67","2021-05-22"
"562","Savings","Holder_562","10901.15","2021-12-19"
"563","Checking","Holder_563","12274.24","2020-04-17"
"564","Investment","Holder_564","28383.27","2023-09-06"
"565","Credit","Holder_565","1085.23","2022-11-26"
"566","Savings","Holder_566","58377.59","2016-12-05"
"567","Checking","Holder_567","74356.93","2015-05-08"
"568","Savings","Holder_568","65439.61","2024-02-01"
"569","Checking","Holder_569","19178.63","2020-11-29"
"570","Checking","Holder_570","13874.42","2014-12-08"
"571","Checking","Holder_571","28850.29","2019-10-11"
"572","Checking","Holder_572","9692.87","2020-12-23"
"573","Credit","Holder_573","57904.86","2015-10-22"
"574","Credit","Holder_574","43320.49","2021-01-09"
"575","Investment","Holder_575","7180.21","2021-07-17"
"576","Credit","Holder_576","98136.47","2016-08-21"
"577","Investment","Holder_577","10587.01","2019-11-26"
"578","Investment","Holder_578","32485.56","2020-05-23"
"579","Savings","Holder_579","89581.19","2015-09-25"
"580","Savings","Holder_580","12299.04","2018-08-23"
"581","Investment","Holder_581","67668.27","2017-08-29"
"582","Credit","Holder_582","95077.24","2022-01-10"
"583","Savings","Holder_583","81331.73","2019-06-06"
"584","Savings","Holder_584","16379.51","2016-06-21"
"585","Investment","Holder_585","66633.08","2018-07-05"
"586","Credit","Holder_586","36645.93","2015-09-11"
"587","Savings","Holder_587","17891.82","2019-09-08"
"588","Investment","Holder_588","50422.28","2014-11-07"
"589","Savings","Holder_589","36606.36","2022-09-02"
"590","Savings","Holder_590","5182.23","2019-01-28"
"591","Investment","Holder_591","10777.37","2022-06-07"
"592","Savings","Holder_592","25665.64","2018-03-11"
"593","Investment","Holder_593","61656.9","2024-04-14"
"594","Savings","Holder_594","73277.28","2022-08-03"
"595","Credit","Holder_595","93616.71","2023-06-01"
"596","Credit","Holder_596","72667.28","2022-03-22"
"597","Investment","Holder_597","20425.34","2020-05-28"
"598","Investment","Holder_598","10588.3","2022-07-02"
"599","Investment","Holder_599","34058.76","2021-12-26"
"600","Checking","Holder_600","72869.04","2020-06-12"
"601","Investment","Holder_601","21202.86","2021-09-11"
"602","Checking","Holder_602","82282.88","2017-10-27"
"603","Checking","Holder_603","92228.78","2022-12-08"
"604","Credit","Holder_604","90997.4","2019-12-29"
"605","Checking","Holder_605","91514.52","2019-12-07"
"606","Savings","Holder_606","52588.18","2014-11-21"
"607","Investment","Holder_607","87871.85","2023-08-08"
"608","Checking","Holder_608","4161.53","2022-08-03"
"609","Credit","Holder_609","88374.14","2017-06-01"
"610","Credit","Holder_610","85304.54","2018-06-09"
"611","Savings","Holder_611","47846.3","2019-04-17"
"612","Credit","Holder_612","12603.19","2024-07-22"
"613","Savings","Holder_613","90627.81","2020-11-24"
"614","Credit","Holder_614","95720.8","2017-11-02"
"615","Checking","Holder_615","74641.47","2020-04-04"
"616","Credit","Holder_616","84614.63","2016-12-08"
"617","Credit","Holder_617","76602.62","2021-03-07"
"618","Savings","Holder_618","39566.78","2015-03-13"
"619","Credit","Holder_619","3128.5","2017-12-26"
"620","Investment","Holder_620","87244.55","2014-12-22"
"621","Checking","Holder_621","88544.65","2021-05-07"
"622","Savings","Holder_622","70675.03","2018-11-21"
"623","Savings","Holder_623","4014.74","2015-12-29"
"624","Checking","Holder_624","42437.05","2019-07-17"
"625","Investment","Holder_625","78976.61","2022-05-10"
"626","Investment","Holder_626","5835.87","2017-08-16"
"627","Savings","Holder_627","28980.2","2021-04-20"
"628","Credit","Holder_628","73503.15","2021-02-24"
"629","Credit","Holder_629","78561.96","2016-12-04"
"630","Checking","Holder_630","29399.75","2017-07-25"
"631","Credit","Holder_631","61699.57","2018-11-17"
"632","Credit","Holder_632","20720.01","2019-08-29"
"633","Checking","Holder_633","48075.47","2016-09-10"
"634","Checking","Holder_634","13022.39","2015-08-15"
"635","Investment","Holder_635","77536.8","2015-12-04"
"636","Investment","Holder_636","97026.34","2016-07-13"
"637","Credit","Holder_637","14411.54","2018-02-25"
"638","Checking","Holder_638","43664.8","2019-02-01"
"639","Checking","Holder_639","14760.05","2015-12-11"
"640","Checking","Holder_640","22348.46","2020-05-04"
"641","Credit","Holder_641","41532.63","2020-01-16"
"642","Credit","Holder_642","71589.81","2024-02-22"
"643","Savings","Holder_643","53857.96","2019-09-03"
"644","Credit","Holder_644","9702.61","2020-10-18"
"645","Credit","Holder_645","37591.07","2023-02-05"
"646","Credit","Holder_646","93116.68","2015-10-15"
"647","Credit","Holder_647","92539.98","2019-03-31"
"648","Savings","Holder_648","25249.56","2021-12-15"
"649","Checking","Holder_649","33922.58","2024-07-20"
"650","Investment","Holder_650","17804.16","2021-10-25"
"651","Credit","Holder_651","10114.57","2016-05-31"
"652","Credit","Holder_652","96788.26","2024-02-10"
"653","Investment","Holder_653","39271.23","2024-02-27"
"654","Credit","Holder_654","17889.28","2023-07-05"
"655","Checking","Holder_655","54231.49","2017-09-06"
"656","Savings","Holder_656","70535.38","2015-05-01"
"657","Savings","Holder_657","86565.15","2018-01-10"
"658","Investment","Holder_658","25808.04","2023-02-06"
"659","Savings","Holder_659","58517.86","2017-06-07"
"660","Investment","Holder_660","47933.15","2019-11-01"
"661","Savings","Holder_661","43204.78","2022-10-30"
"662","Checking","Holder_662","58798.82","2023-04-23"
"663","Savings","Holder_663","43537.24","2018-04-24"
"664","Checking","Holder_664","77869.21","2020-06-22"
"665","Investment","Holder_665","20461.27","2018-10-09"
"666","Credit","Holder_666","91293.23","2022-11-26"
"667","Checking","Holder_667","19386.62","2019-10-20"
"668","Savings","Holder_668","42779.72","2018-10-21"
"669","Savings","Holder_669","67745.96","2018-05-27"
"670","Checking","Holder_670","67756.08","2019-01-09"
"671","Checking","Holder_671","40136.55","2016-10-29"
"672","Savings","Holder_672","30495.72","2022-11-12"
"673","Investment","Holder_673","70025.56","2015-07-23"
"674","Checking","Holder_674","98151.66","2023-04-05"
"675","Checking","Holder_675","15088.28","2014-12-17"
"676","Checking","Holder_676","82568.2","2023-03-01"
"677","Investment","Holder_677","1165.25","2019-08-25"
"678","Credit","Holder_678","50467.06","2019-04-05"
"679","Investment","Holder_679","86157.1","2020-12-13"
"680","Savings","Holder_680","36184.1","2015-01-02"
"681","Checking","Holder_681","1969.77","2015-08-08"
"682","Investment","Holder_682","42011.49","2021-06-24"
"683","Credit","Holder_683","49445.25","2021-05-05"
"684","Savings","Holder_684","72219.27","2020-01-24"
"685","Savings","Holder_685","94344.49","2015-12-21"
"686","Savings","Holder_686","36947.96","2021-12-20"
"687","Credit","Holder_687","62593.61","2022-04-20"
"688","Savings","Holder_688","15695.81","2022-05-10"
"689","Checking","Holder_689","30712.99","2019-06-13"
"690","Checking","Holder_690","64707.92","2016-08-12"
"691","Checking","Holder_691","42561.65","2019-12-22"
"692","Credit","Holder_692","18854.75","2019-06-11"
"693","Checking","Holder_693","21809.49","2020-05-06"
"694","Savings","Holder_694","43338.97","2023-11-13"
"695","Investment","Holder_695","50194.94","2016-07-01"
"696","Investment","Holder_696","43397.23","2022-05-27"
"697","Credit","Holder_697","8387.19","2016-04-24"
"698","Investment","Holder_698","97950.58","2017-06-25"
"699","Credit","Holder_699","94216.35","2016-07-21"
"700","Checking","Holder_700","75891.58","2022-04-26"
"701","Credit","Holder_701","76946.65","2014-10-27"
"702","Credit","Holder_702","24392.63","2017-03-16"
"703","Checking","Holder_703","78838.78","2020-06-13"
"704","Investment","Holder_704","89309.79","2023-07-31"
"705","Savings","Holder_705","13192.01","2022-03-17"
"706","Savings","Holder_706","92352.78","2019-11-28"
"707","Checking","Holder_707","80960.13","2020-10-25"
"708","Credit","Holder_708","20794.48","2017-12-29"
"709","Checking","Holder_709","84345.53","2020-10-20"
"710","Savings","Holder_710","15734.24","2018-05-08"
"711","Savings","Holder_711","97064.34","2020-10-04"
"712","Savings","Holder_712","66499","2021-01-26"
"713","Credit","Holder_713","14327.53","2017-02-01"
"714","Investment","Holder_714","56234.88","2015-04-08"
"715","Checking","Holder_715","33527.62","2015-11-15"
"716","Checking","Holder_716","2679.62","2015-06-10"
"717","Checking","Holder_717","64403.19","2018-05-21"
"718","Checking","Holder_718","12703.43","2018-11-04"
"719","Investment","Holder_719","54146.2","2018-07-07"
"720","Checking","Holder_720","81436.47","2023-03-23"
"721","Checking","Holder_721","17349.63","2022-10-01"
"722","Savings","Holder_722","64588.82","2015-04-05"
"723","Credit","Holder_723","13542.27","2024-08-14"
"724","Investment","Holder_724","49868.51","2021-03-23"
"725","Investment","Holder_725","77604.35","2019-10-16"
"726","Credit","Holder_726","39304.54","2019-01-08"
"727","Credit","Holder_727","69682.43","2022-09-20"
"728","Credit","Holder_728","9099.04","2022-03-16"
"729","Investment","Holder_729","60587.9","2021-02-14"
"730","Checking","Holder_730","19718.91","2016-07-01"
"731","Investment","Holder_731","40302.75","2022-07-24"
"732","Checking","Holder_732","64612.35","2023-05-30"
"733","Investment","Holder_733","8233.01","2021-08-14"
"734","Investment","Holder_734","49911.33","2017-03-16"
"735","Checking","Holder_735","54523.49","2019-02-14"
"736","Savings","Holder_736","73150.56","2018-10-19"
"737","Savings","Holder_737","89713.48","2015-12-19"
"738","Checking","Holder_738","98012.69","2016-10-03"
"739","Savings","Holder_739","86277.26","2016-10-11"
"740","Investment","Holder_740","90185.48","2022-08-09"
"741","Credit","Holder_741","65644.77","2018-01-28"
"742","Credit","Holder_742","33379.53","2022-04-19"
"743","Checking","Holder_743","44324.98","2019-03-13"
"744","Credit","Holder_744","95435.37","2015-12-06"
"745","Savings","Holder_745","50550.18","2018-10-15"
"746","Checking","Holder_746","95237.04","2015-05-14"
"747","Checking","Holder_747","47358.21","2014-12-27"
"748","Credit","Holder_748","32418.81","2018-05-07"
"749","Investment","Holder_749","12075.54","2015-05-19"
"750","Checking","Holder_750","96437.63","2018-09-22"
"751","Savings","Holder_751","89894.01","2020-06-02"
"752","Savings","Holder_752","45567.47","2022-06-23"
"753","Credit","Holder_753","20170.11","2020-02-10"
"754","Savings","Holder_754","55418.96","2023-04-13"
"755","Savings","Holder_755","77198.42","2023-08-06"
"756","Savings","Holder_756","4959.54","2018-01-30"
"757","Checking","Holder_757","62323.53","2018-04-13"
"758","Checking","Holder_758","98590.09","2023-08-30"
"759","Credit","Holder_759","92570.88","2024-01-03"
"760","Savings","Holder_760","11039.15","2019-04-24"
"761","Credit","Holder_761","13516.46","2019-09-23"
"762","Checking","Holder_762","49824.37","2016-09-21"
"763","Credit","Holder_763","60228.92","2023-09-21"
"764","Checking","Holder_764","13329.73","2018-02-20"
"765","Credit","Holder_765","68071","2021-03-26"
"766","Credit","Holder_766","7054.39","2017-07-10"
"767","Savings","Holder_767","82084.25","2016-01-20"
"768","Checking","Holder_768","77445.14","2022-03-10"
"769","Checking","Holder_769","46273.52","2024-07-07"
"770","Savings","Holder_770","80668.67","2017-07-01"
"771","Credit","Holder_771","9216.39","2015-08-09"
"772","Credit","Holder_772","55015.52","2017-07-09"
"773","Checking","Holder_773","42277.74","2020-09-30"
"774","Investment","Holder_774","82128.92","2020-10-15"
"775","Savings","Holder_775","87364.19","2023-06-10"
"776","Checking","Holder_776","79075.45","2017-10-09"
"777","Investment","Holder_777","98705.07","2022-04-13"
"778","Checking","Holder_778","24652.38","2021-11-15"
"779","Checking","Holder_779","1470.87","2016-03-22"
"780","Checking","Holder_780","57541.37","2019-04-19"
"781","Checking","Holder_781","49741.5","2020-08-20"
"782","Savings","Holder_782","12226.39","2020-09-25"
"783","Savings","Holder_783","10546.71","2019-11-08"
"784","Investment","Holder_784","99608.87","2023-05-17"
"785","Checking","Holder_785","67596.2","2020-11-11"
"786","Credit","Holder_786","74147.76","2021-08-26"
"787","Checking","Holder_787","6655.59","2014-10-20"
"788","Savings","Holder_788","8213.29","2018-02-01"
"789","Credit","Holder_789","48719.02","2023-04-03"
"790","Checking","Holder_790","6522.27","2021-02-26"
"791","Checking","Holder_791","30594.59","2020-09-01"
"792","Savings","Holder_792","78685.49","2022-01-24"
"793","Investment","Holder_793","26181.48","2016-10-22"
"794","Checking","Holder_794","47863.24","2018-06-03"
"795","Checking","Holder_795","88058.57","2014-12-20"
"796","Savings","Holder_796","88969.57","2022-08-13"
"797","Credit","Holder_797","94731.7","2021-10-27"
"798","Savings","Holder_798","64399.62","2015-06-16"
"799","Investment","Holder_799","11641.94","2023-11-12"
"800","Investment","Holder_800","56282.25","2021-10-18"
"801","Investment","Holder_801","74378.5","2023-07-05"
"802","Checking","Holder_802","49095.21","2018-03-11"
"803","Credit","Holder_803","97919.52","2022-11-06"
"804","Savings","Holder_804","99238.82","2015-03-02"
"805","Savings","Holder_805","8707.3","2022-11-12"
"806","Checking","Holder_806","28127.4","2024-02-21"
"807","Checking","Holder_807","83993.43","2019-09-20"
"808","Savings","Holder_808","71214.93","2017-11-01"
"809","Checking","Holder_809","69507.41","2015-07-30"
"810","Investment","Holder_810","81783.89","2016-12-02"
"811","Checking","Holder_811","32758.3","2018-07-07"
"812","Savings","Holder_812","26040.24","2015-09-13"
"813","Checking","Holder_813","38907.01","2024-05-15"
"814","Checking","Holder_814","54123.28","2020-05-28"
"815","Savings","Holder_815","47154.65","2022-12-28"
"816","Investment","Holder_816","83215.51","2023-08-08"
"817","Checking","Holder_817","64239.74","2021-06-27"
"818","Savings","Holder_818","55089.88","2022-01-02"
"819","Savings","Holder_819","67496.94","2019-09-28"
"820","Investment","Holder_820","60629.02","2022-06-01"
"821","Savings","Holder_821","95048.5","2021-07-11"
"822","Checking","Holder_822","41076.24","2015-03-16"
"823","Credit","Holder_823","34867.56","2018-11-15"
"824","Savings","Holder_824","97695.55","2023-03-21"
"825","Investment","Holder_825","69572.2","2016-02-27"
"826","Investment","Holder_826","85264.47","2018-01-11"
"827","Investment","Holder_827","51160.69","2023-03-02"
"828","Savings","Holder_828","47573.28","2017-11-24"
"829","Savings","Holder_829","84060.05","2014-11-11"
"830","Checking","Holder_830","48710.85","2018-09-15"
"831","Checking","Holder_831","88001.13","2023-03-15"
"832","Investment","Holder_832","8152.68","2018-02-03"
"833","Savings","Holder_833","48105.75","2022-03-06"
"834","Credit","Holder_834","23567.98","2020-03-24"
"835","Credit","Holder_835","16711.83","2015-12-18"
"836","Checking","Holder_836","61279.27","2015-01-19"
"837","Checking","Holder_837","58059.02","2018-03-31"
"838","Credit","Holder_838","34124.24","2022-05-04"
"839","Checking","Holder_839","6966.08","2015-05-18"
"840","Investment","Holder_840","79145.8","2024-02-19"
"841","Checking","Holder_841","87323.28","2021-08-11"
"842","Investment","Holder_842","68950.37","2020-01-28"
"843","Investment","Holder_843","69372.87","2019-02-09"
"844","Checking","Holder_844","36333.01","2022-05-15"
"845","Savings","Holder_845","35574.61","2023-02-27"
"846","Investment","Holder_846","96577.59","2016-01-11"
"847","Checking","Holder_847","33523.12","2015-04-27"
"848","Investment","Holder_848","18470.68","2018-05-29"
"849","Investment","Holder_849","27354.97","2016-03-02"
"850","Investment","Holder_850","2340","2022-01-23"
"851","Checking","Holder_851","72073.72","2017-05-28"
"852","Checking","Holder_852","39974.58","2017-06-24"
"853","Credit","Holder_853","85937.33","2022-03-14"
"854","Investment","Holder_854","82038.02","2018-02-12"
"855","Savings","Holder_855","91658.73","2023-08-31"
"856","Credit","Holder_856","43989.65","2019-11-11"
"857","Checking","Holder_857","91254.07","2020-10-24"
"858","Savings","Holder_858","92880.07","2024-06-29"
"859","Credit","Holder_859","34918.37","2022-10-25"
"860","Checking","Holder_860","87597.62","2016-10-15"
"861","Credit","Holder_861","53537.92","2015-05-19"
"862","Investment","Holder_862","67949.55","2020-01-13"
"863","Savings","Holder_863","91317.83","2017-11-19"
"864","Checking","Holder_864","74215.59","2021-11-03"
"865","Credit","Holder_865","70349.63","2016-12-16"
"866","Savings","Holder_866","54120.43","2021-07-23"
"867","Checking","Holder_867","29485.66","2024-05-31"
"868","Investment","Holder_868","5761","2018-07-17"
"869","Credit","Holder_869","55208.96","2019-12-30"
"870","Savings","Holder_870","78027.53","2021-09-20"
"871","Checking","Holder_871","23311.81","2019-05-24"
"872","Savings","Holder_872","72308.13","2018-10-23"
"873","Credit","Holder_873","70574.79","2014-11-11"
"874","Savings","Holder_874","53518.46","2017-12-31"
"875","Checking","Holder_875","81509.7","2023-02-05"
"876","Checking","Holder_876","19931.06","2022-08-25"
"877","Investment","Holder_877","75148.2","2021-11-30"
"878","Checking","Holder_878","63651.16","2024-04-20"
"879","Savings","Holder_879","25033.71","2016-06-13"
"880","Credit","Holder_880","58181.98","2024-07-15"
"881","Checking","Holder_881","82212.52","2016-07-21"
"882","Checking","Holder_882","73605.66","2023-05-12"
"883","Checking","Holder_883","51976.67","2022-04-22"
"884","Checking","Holder_884","32337.9","2024-02-19"
"885","Checking","Holder_885","37797.4","2019-02-20"
"886","Credit","Holder_886","70453.88","2024-08-09"
"887","Savings","Holder_887","18146.9","2020-03-08"
"888","Credit","Holder_888","58661.14","2023-08-02"
"889","Savings","Holder_889","40026.19","2019-10-10"
"890","Credit","Holder_890","93625.16","2024-07-26"
"891","Savings","Holder_891","22696.08","2018-02-15"
"892","Credit","Holder_892","9693.78","2015-01-23"
"893","Investment","Holder_893","70109.55","2015-12-01"
"894","Savings","Holder_894","94937.94","2015-04-24"
"895","Savings","Holder_895","41519.83","2017-11-01"
"896","Checking","Holder_896","65666.79","2021-08-26"
"897","Credit","Holder_897","32682.03","2022-09-27"
"898","Credit","Holder_898","55166.83","2014-10-09"
"899","Savings","Holder_899","30418.76","2017-04-26"
"900","Savings","Holder_900","9945.95","2015-08-27"
"901","Savings","Holder_901","14006.54","2022-09-02"
"902","Savings","Holder_902","41744.4","2020-02-12"
"903","Savings","Holder_903","28156.34","2015-06-25"
"904","Investment","Holder_904","70237.33","2017-11-07"
"905","Checking","Holder_905","86583.79","2023-05-06"
"906","Savings","Holder_906","92573.85","2020-01-14"
"907","Credit","Holder_907","54356.71","2019-04-08"
"908","Checking","Holder_908","53198.19","2015-03-20"
"909","Checking","Holder_909","83135.93","2021-05-13"
"910","Checking","Holder_910","91189.08","2023-09-25"
"911","Savings","Holder_911","68785.95","2020-09-29"
"912","Checking","Holder_912","50219.25","2019-07-19"
"913","Checking","Holder_913","11222.84","2021-02-04"
"914","Savings","Holder_914","60655.72","2017-10-09"
"915","Savings","Holder_915","78969.94","2017-02-03"
"916","Savings","Holder_916","39896.86","2015-09-28"
"917","Investment","Holder_917","14803.47","2018-09-17"
"918","Checking","Holder_918","85869.27","2019-07-19"
"919","Investment","Holder_919","24140.48","2023-05-06"
"920","Savings","Holder_920","46496.92","2024-08-14"
"921","Checking","Holder_921","37388.45","2021-01-27"
"922","Credit","Holder_922","10529.69","2022-04-18"
"923","Investment","Holder_923","90141.86","2020-09-08"
"924","Credit","Holder_924","71763.11","2022-01-14"
"925","Investment","Holder_925","49575.32","2018-12-02"
"926","Credit","Holder_926","30707.93","2015-02-08"
"927","Investment","Holder_927","78775.78","2015-03-06"
"928","Checking","Holder_928","12265.84","2018-10-28"
"929","Credit","Holder_929","31137.91","2024-03-24"
"930","Checking","Holder_930","85882.15","2021-04-14"
"931","Investment","Holder_931","59539.75","2023-01-18"
"932","Credit","Holder_932","48351.3","2019-12-08"
"933","Savings","Holder_933","35466.59","2017-07-21"
"934","Investment","Holder_934","44634.28","2021-12-23"
"935","Checking","Holder_935","25129.58","2016-12-05"
"936","Checking","Holder_936","53508.9","2019-11-18"
"937","Checking","Holder_937","4902.11","2022-12-27"
"938","Investment","Holder_938","23061.59","2022-06-11"
"939","Investment","Holder_939","18476.92","2016-03-23"
"940","Investment","Holder_940","63574.04","2020-11-18"
"941","Credit","Holder_941","54254.59","2017-11-24"
"942","Checking","Holder_942","10795.78","2021-08-23"
"943","Credit","Holder_943","88441.38","2016-04-14"
"944","Savings","Holder_944","17817.89","2018-12-26"
"945","Investment","Holder_945","42649.51","2017-08-28"
"946","Savings","Holder_946","9124.26","2021-01-25"
"947","Credit","Holder_947","17602.12","2024-08-01"
"948","Credit","Holder_948","19743.05","2018-10-24"
"949","Checking","Holder_949","1020.94","2017-11-11"
"950","Checking","Holder_950","45474.63","2018-02-11"
"951","Investment","Holder_951","98242.82","2020-06-13"
"952","Investment","Holder_952","14220.51","2015-05-03"
"953","Credit","Holder_953","76723.65","2020-05-27"
"954","Investment","Holder_954","30595.49","2019-05-17"
"955","Investment","Holder_955","28908.53","2015-11-27"
"956","Credit","Holder_956","91264.93","2021-06-22"
"957","Investment","Holder_957","4621.12","2023-12-11"
"958","Checking","Holder_958","51772.2","2018-09-15"
"959","Investment","Holder_959","70128.95","2020-05-02"
"960","Investment","Holder_960","53009.81","2016-02-20"
"961","Savings","Holder_961","71099.39","2019-09-23"
"962","Credit","Holder_962","60265.42","2016-01-19"
"963","Checking","Holder_963","64820.75","2021-09-20"
"964","Investment","Holder_964","13050.56","2019-04-21"
"965","Savings","Holder_965","3915.67","2018-09-19"
"966","Credit","Holder_966","19209.34","2021-11-10"
"967","Checking","Holder_967","4789.93","2020-04-22"
"968","Investment","Holder_968","2863.25","2017-01-29"
"969","Investment","Holder_969","2162.92","2019-04-22"
"970","Savings","Holder_970","10553.46","2015-11-10"
"971","Savings","Holder_971","93292.27","2015-09-17"
"972","Checking","Holder_972","55193.75","2014-10-06"
"973","Savings","Holder_973","37687.45","2019-06-30"
"974","Checking","Holder_974","86841.25","2016-12-31"
"975","Credit","Holder_975","73212.5","2015-11-25"
"976","Credit","Holder_976","8629.15","2018-11-08"
"977","Savings","Holder_977","81111.29","2023-10-25"
"978","Investment","Holder_978","84196.92","2016-12-21"
"979","Credit","Holder_979","20920.85","2022-07-16"
"980","Credit","Holder_980","88593.07","2023-06-07"
"981","Checking","Holder_981","12106.48","2019-07-27"
"982","Checking","Holder_982","52422.34","2018-04-01"
"983","Savings","Holder_983","3229.98","2018-05-29"
"984","Investment","Holder_984","85546.44","2015-05-19"
"985","Checking","Holder_985","44896.69","2023-03-19"
"986","Checking","Holder_986","37175.6","2019-02-21"
"987","Checking","Holder_987","51132.13","2021-12-03"
"988","Investment","Holder_988","46604.33","2019-09-16"
"989","Credit","Holder_989","20108.84","2023-06-22"
"990","Investment","Holder_990","15823.47","2021-09-09"
"991","Investment","Holder_991","96425.04","2024-04-16"
"992","Checking","Holder_992","83440.62","2023-04-02"
"993","Credit","Holder_993","89150.93","2018-09-12"
"994","Credit","Holder_994","11040.86","2021-04-28"
"995","Checking","Holder_995","96030.79","2018-12-07"
"996","Checking","Holder_996","68972.81","2022-05-18"
"997","Investment","Holder_997","20065.99","2021-01-11"
"998","Savings","Holder_998","95376.4","2020-11-13"
"999","Investment","Holder_999","8396.41","2015-03-03"
"1000","Checking","Holder_1000","69950.47","2016-02-05"
