"transaction_id","account_id","transaction_type","amount","transaction_date"
"1","389","Withdrawal","7253.07","2024-07-09"
"2","56","Payment","8245.33","2024-05-04"
"3","952","Withdrawal","9914.01","2023-12-26"
"4","564","Transfer","885.38","2024-07-08"
"5","466","Transfer","7824.09","2024-03-11"
"6","752","Deposit","8048.76","2024-02-02"
"7","946","Payment","6438.93","2024-02-09"
"8","773","Transfer","9620.52","2024-06-16"
"9","726","Transfer","1067.89","2024-08-12"
"10","459","Transfer","9285.65","2023-12-08"
"11","525","Payment","8965.88","2024-08-21"
"12","846","Transfer","624.65","2024-05-01"
"13","248","Deposit","5448.69","2024-06-12"
"14","301","Transfer","2457.81","2024-05-30"
"15","905","Withdrawal","7125.85","2024-05-14"
"16","583","Transfer","2054.74","2024-08-29"
"17","900","Payment","3045.16","2024-01-15"
"18","836","Deposit","4968.09","2024-09-22"
"19","702","Payment","8372.92","2024-07-29"
"20","204","Payment","4495.06","2024-04-26"
"21","197","Transfer","4330.81","2024-09-22"
"22","946","Payment","6010.07","2023-10-01"
"23","664","Payment","4612.5","2024-08-21"
"24","55","Transfer","704.9","2023-11-20"
"25","496","Transfer","4746.93","2024-01-27"
"26","500","Transfer","9675.44","2023-12-05"
"27","604","Withdrawal","9629.13","2024-08-27"
"28","219","Deposit","2702.19","2023-10-02"
"29","393","Withdrawal","6006.75","2024-01-15"
"30","750","Deposit","2115.06","2023-10-06"
"31","756","Payment","8764.58","2024-05-11"
"32","365","Withdrawal","1180.41","2024-03-30"
"33","71","Deposit","6680.71","2024-04-09"
"34","999","Payment","9008.01","2024-02-08"
"35","210","Deposit","2319.52","2024-01-15"
"36","350","Transfer","5380.67","2023-12-10"
"37","274","Payment","1251.83","2023-12-12"
"38","441","Transfer","8860.92","2023-10-18"
"39","437","Payment","7894.1","2024-05-17"
"40","983","Deposit","7132.94","2024-03-14"
"41","200","Withdrawal","3521.85","2024-05-27"
"42","948","Deposit","109.57","2024-02-06"
"43","97","Deposit","1442.16","2024-06-06"
"44","416","Withdrawal","4516.67","2024-08-07"
"45","453","Transfer","1394.74","2024-07-10"
"46","192","Payment","617.43","2023-11-09"
"47","277","Deposit","3076.67","2024-04-20"
"48","893","Payment","442","2024-05-30"
"49","117","Payment","6275.56","2024-01-08"
"50","18","Payment","3964.76","2024-07-15"
"51","379","Payment","5856.51","2024-04-27"
"52","338","Deposit","5323.77","2024-01-09"
"53","893","Deposit","4136.72","2024-07-04"
"54","955","Withdrawal","6159.58","2024-03-06"
"55","286","Payment","3864.63","2023-10-20"
"56","895","Payment","1703.01","2023-12-18"
"57","688","Withdrawal","6350.65","2024-06-22"
"58","986","Transfer","4742.79","2024-01-04"
"59","795","Transfer","7025.43","2024-09-26"
"60","928","Payment","127.4","2024-01-17"
"61","259","Withdrawal","5346.61","2024-03-28"
"62","754","Payment","5735.87","2024-09-23"
"63","995","Transfer","1500.79","2024-08-20"
"64","854","Payment","6083.14","2023-12-27"
"65","622","Deposit","1997.9","2024-08-11"
"66","122","Withdrawal","6298.62","2024-08-30"
"67","406","Withdrawal","9516.25","2024-06-24"
"68","435","Deposit","6864.61","2024-06-05"
"69","630","Transfer","8702.41","2024-07-01"
"70","161","Payment","454.83","2023-09-30"
"71","621","Deposit","7418.45","2024-02-15"
"72","568","Withdrawal","229.27","2024-03-12"
"73","414","Deposit","520.8","2024-09-01"
"74","533","Deposit","6314.92","2024-08-07"
"75","455","Withdrawal","9081.74","2023-09-30"
"76","69","Transfer","3097.87","2024-03-27"
"77","491","Withdrawal","2809.89","2024-07-20"
"78","684","Deposit","5828.03","2024-05-27"
"79","532","Deposit","6906.12","2024-01-02"
"80","637","Transfer","7568.59","2023-11-12"
"81","158","Deposit","2515.83","2024-08-15"
"82","694","Deposit","55.59","2024-08-20"
"83","519","Deposit","9816.47","2024-06-14"
"84","258","Deposit","4996.67","2024-08-14"
"85","44","Withdrawal","5867.37","2024-05-04"
"86","859","Transfer","6238.36","2024-07-23"
"87","772","Deposit","3091.52","2024-01-24"
"88","843","Payment","9156.99","2023-12-01"
"89","403","Payment","5474.54","2024-03-14"
"90","471","Withdrawal","8498.75","2023-10-05"
"91","595","Transfer","1838.03","2024-02-14"
"92","176","Deposit","4569.96","2023-10-27"
"93","715","Deposit","5705.08","2024-07-28"
"94","458","Payment","4191.17","2024-02-27"
"95","994","Payment","361.34","2024-08-17"
"96","559","Withdrawal","8763.42","2024-06-02"
"97","396","Payment","8045.89","2024-01-29"
"98","628","Withdrawal","7890.56","2023-10-27"
"99","154","Withdrawal","3633.45","2024-08-27"
"100","131","Deposit","8272.2","2024-01-10"
"101","281","Withdrawal","1364.41","2024-06-08"
"102","953","Payment","4404.56","2023-12-15"
"103","27","Deposit","9061.51","2024-06-04"
"104","435","Deposit","5950.29","2024-01-31"
"105","588","Deposit","8173.33","2024-09-04"
"106","503","Withdrawal","5494.02","2024-09-01"
"107","448","Deposit","4972.32","2024-01-26"
"108","252","Transfer","6606.43","2023-10-22"
"109","977","Withdrawal","4950.26","2024-08-03"
"110","597","Payment","5138.68","2024-09-25"
"111","871","Deposit","463.35","2024-02-29"
"112","43","Payment","5305.08","2024-05-19"
"113","252","Payment","3398.26","2024-09-14"
"114","360","Deposit","6248.27","2024-04-02"
"115","425","Transfer","3114.29","2024-03-28"
"116","875","Withdrawal","4835.81","2024-08-03"
"117","855","Payment","6686.17","2023-10-28"
"118","873","Payment","2187.95","2024-08-06"
"119","821","Deposit","9404.1","2023-10-19"
"120","692","Payment","7369.02","2023-12-06"
"121","783","Payment","1248.59","2024-06-14"
"122","831","Payment","2089.88","2024-09-18"
"123","964","Transfer","1562.7","2024-06-20"
"124","119","Withdrawal","3571.05","2023-10-07"
"125","824","Payment","9213.3","2024-09-27"
"126","683","Deposit","2757.39","2024-07-01"
"127","170","Withdrawal","7526.07","2023-09-30"
"128","654","Withdrawal","2852.95","2023-12-01"
"129","406","Deposit","9644.19","2023-12-11"
"130","643","Transfer","6428.18","2024-04-11"
"131","726","Withdrawal","3359.68","2024-07-21"
"132","152","Transfer","1849.62","2023-12-19"
"133","460","Deposit","9273.2","2024-04-29"
"134","140","Transfer","510.93","2024-04-30"
"135","951","Transfer","2116.75","2024-09-17"
"136","322","Withdrawal","1085","2024-03-16"
"137","456","Transfer","5633.82","2024-03-14"
"138","890","Transfer","7694.27","2024-08-24"
"139","76","Withdrawal","2456.09","2024-02-17"
"140","867","Withdrawal","9288.35","2023-11-16"
"141","799","Transfer","2731.21","2024-06-20"
"142","525","Withdrawal","3539.19","2024-01-23"
"143","424","Transfer","5438.87","2024-06-25"
"144","983","Deposit","3815.94","2024-05-01"
"145","86","Withdrawal","5209.61","2024-09-13"
"146","804","Payment","4467.67","2024-04-24"
"147","421","Transfer","5952.88","2024-01-29"
"148","702","Deposit","4714.69","2024-01-12"
"149","849","Payment","5828.49","2023-11-16"
"150","150","Payment","5603.12","2024-07-11"
"151","658","Withdrawal","235.71","2024-04-14"
"152","596","Deposit","4158.2","2024-01-16"
"153","496","Deposit","4282.87","2023-10-29"
"154","152","Deposit","4495.56","2024-06-07"
"155","951","Transfer","1440.62","2024-01-17"
"156","261","Transfer","7385.6","2024-01-28"
"157","385","Payment","8782.26","2023-10-06"
"158","987","Deposit","2472.58","2023-11-13"
"159","347","Deposit","8145.72","2024-02-19"
"160","129","Withdrawal","2353.37","2023-11-02"
"161","985","Deposit","1568.89","2024-05-27"
"162","644","Payment","7054.18","2024-06-01"
"163","5","Payment","112.78","2024-01-29"
"164","525","Withdrawal","2724.51","2024-03-18"
"165","577","Transfer","4984.09","2024-01-03"
"166","568","Payment","9094.41","2024-02-09"
"167","438","Transfer","2823.49","2024-05-13"
"168","217","Payment","2435.72","2024-05-10"
"169","602","Deposit","9039.93","2023-12-20"
"170","316","Transfer","4833.53","2024-07-16"
"171","54","Payment","2304.06","2023-12-31"
"172","933","Deposit","2081.65","2024-09-25"
"173","630","Payment","776.08","2023-12-15"
"174","867","Payment","647.63","2024-06-05"
"175","600","Withdrawal","2141.36","2024-01-20"
"176","988","Transfer","2729.21","2024-09-17"
"177","46","Payment","4585.58","2024-06-05"
"178","767","Deposit","3322.41","2023-10-19"
"179","947","Transfer","7753.87","2024-02-28"
"180","29","Deposit","182.68","2024-04-28"
"181","45","Withdrawal","7773.2","2024-01-22"
"182","645","Payment","9836.55","2024-01-08"
"183","453","Deposit","3777.97","2024-07-14"
"184","948","Withdrawal","8867.94","2024-06-17"
"185","552","Payment","9221.47","2024-06-04"
"186","279","Payment","1840.86","2024-01-21"
"187","949","Transfer","1449.52","2024-08-08"
"188","702","Payment","356.49","2024-03-24"
"189","94","Deposit","9332.06","2024-08-20"
"190","437","Transfer","3983.34","2023-10-26"
"191","141","Withdrawal","9416.2","2024-04-18"
"192","298","Deposit","3539.72","2024-07-21"
"193","872","Transfer","4664.35","2024-07-04"
"194","715","Payment","4885.32","2024-03-09"
"195","320","Transfer","7910.12","2023-11-20"
"196","904","Transfer","5301.91","2024-04-21"
"197","549","Transfer","1277.13","2024-01-06"
"198","339","Transfer","3206.84","2024-09-08"
"199","857","Transfer","8380.18","2024-08-15"
"200","659","Payment","334.36","2024-05-17"
"201","658","Withdrawal","1107.38","2024-02-26"
"202","203","Withdrawal","6044.41","2023-10-17"
"203","700","Deposit","4262.9","2024-04-30"
"204","938","Transfer","9273.47","2023-12-20"
"205","628","Transfer","3237.68","2024-08-15"
"206","443","Deposit","2615.2","2024-04-17"
"207","349","Transfer","7330.34","2024-02-19"
"208","935","Payment","3801.92","2024-05-18"
"209","380","Deposit","2212.01","2024-03-11"
"210","126","Transfer","8419.65","2024-04-16"
"211","395","Payment","9348.43","2023-11-10"
"212","732","Withdrawal","1411.04","2024-08-20"
"213","955","Withdrawal","1578.19","2024-08-13"
"214","127","Deposit","7851.55","2023-12-17"
"215","57","Payment","6511.8","2024-03-05"
"216","953","Transfer","4116.87","2024-09-17"
"217","537","Withdrawal","6618.29","2024-07-26"
"218","652","Deposit","5516.68","2024-01-08"
"219","350","Payment","5921.73","2024-08-22"
"220","251","Deposit","9040.71","2024-03-20"
"221","646","Deposit","7322.89","2023-12-27"
"222","169","Deposit","633.75","2024-01-21"
"223","345","Payment","124.02","2023-10-16"
"224","266","Payment","1266.44","2024-09-09"
"225","421","Payment","1311.49","2024-03-26"
"226","881","Payment","8659.33","2024-01-24"
"227","807","Withdrawal","1286.25","2024-08-21"
"228","937","Payment","7051.6","2024-02-27"
"229","625","Payment","5272.53","2024-01-09"
"230","504","Deposit","4328.82","2024-08-22"
"231","489","Deposit","6651.14","2023-09-30"
"232","967","Transfer","5174.31","2024-07-17"
"233","690","Payment","4104.2","2024-06-27"
"234","885","Deposit","2802.3","2024-07-10"
"235","517","Deposit","3578.28","2024-07-01"
"236","748","Transfer","8450.52","2024-07-13"
"237","968","Deposit","226.72","2024-07-26"
"238","753","Payment","5926.76","2024-06-08"
"239","598","Withdrawal","627.3","2023-10-08"
"240","763","Withdrawal","8881.78","2024-09-01"
"241","630","Deposit","3715.06","2024-06-12"
"242","835","Deposit","762.58","2023-10-06"
"243","771","Deposit","5049.66","2024-06-29"
"244","497","Transfer","5344.66","2024-03-25"
"245","432","Withdrawal","1253.31","2024-08-16"
"246","23","Transfer","5372.64","2023-09-29"
"247","644","Deposit","9543","2024-05-26"
"248","262","Transfer","79.29","2024-04-18"
"249","733","Deposit","2572","2024-04-07"
"250","562","Payment","9276.16","2024-06-09"
"251","578","Deposit","9893.53","2023-12-31"
"252","762","Payment","9996.86","2023-11-29"
"253","691","Withdrawal","1067.27","2024-01-13"
"254","984","Transfer","3867.81","2023-10-21"
"255","910","Payment","357","2024-04-18"
"256","900","Withdrawal","2730.36","2024-03-18"
"257","944","Withdrawal","9773.45","2024-09-10"
"258","441","Withdrawal","4462.41","2024-06-18"
"259","958","Deposit","9689.97","2024-06-08"
"260","963","Deposit","4536.13","2024-07-16"
"261","64","Payment","2801.78","2024-02-04"
"262","830","Deposit","8599.18","2024-04-13"
"263","352","Withdrawal","2908.22","2024-08-20"
"264","845","Withdrawal","2506.15","2024-01-28"
"265","499","Payment","9112.79","2023-10-17"
"266","217","Withdrawal","3820.36","2023-11-28"
"267","197","Payment","3951.49","2024-07-11"
"268","272","Deposit","7610.19","2024-05-03"
"269","776","Transfer","4331.94","2024-02-27"
"270","66","Transfer","4000.83","2024-01-15"
"271","486","Transfer","2387.41","2024-07-25"
"272","985","Deposit","6008","2023-10-08"
"273","872","Withdrawal","5272.21","2024-04-12"
"274","55","Payment","1336.8","2024-05-14"
"275","572","Payment","3625.46","2024-06-04"
"276","16","Deposit","9743.05","2024-01-06"
"277","49","Withdrawal","8698.14","2023-11-25"
"278","176","Payment","139.9","2024-08-21"
"279","86","Deposit","3769.84","2023-12-18"
"280","292","Withdrawal","8522.05","2024-08-12"
"281","665","Deposit","4907.76","2024-09-13"
"282","659","Transfer","8920.64","2023-10-01"
"283","890","Withdrawal","8302.11","2023-10-27"
"284","407","Deposit","2618.47","2024-06-03"
"285","524","Payment","6574.04","2024-03-11"
"286","399","Payment","5840.37","2023-11-23"
"287","227","Payment","7600.53","2024-04-09"
"288","629","Deposit","5914.93","2024-07-03"
"289","152","Deposit","4458.8","2024-03-16"
"290","89","Payment","8966.64","2024-01-07"
"291","679","Withdrawal","280.18","2024-07-23"
"292","424","Transfer","551.85","2024-01-18"
"293","496","Payment","356.84","2023-11-09"
"294","912","Deposit","3536.07","2024-07-22"
"295","967","Payment","8603.62","2024-04-15"
"296","678","Deposit","8642.05","2024-08-17"
"297","968","Payment","1341.41","2024-01-03"
"298","328","Transfer","5137.84","2023-12-26"
"299","57","Transfer","4423.54","2024-07-26"
"300","847","Deposit","6104.59","2024-09-02"
"301","675","Transfer","3275.42","2024-05-13"
"302","195","Payment","292.76","2024-05-09"
"303","696","Payment","4744.89","2024-08-26"
"304","523","Withdrawal","3465.39","2024-06-08"
"305","954","Transfer","6545.75","2023-12-10"
"306","491","Withdrawal","9997.79","2024-08-28"
"307","476","Withdrawal","9800.84","2024-08-23"
"308","46","Payment","8144.99","2023-12-13"
"309","238","Transfer","9557.6","2024-05-26"
"310","83","Transfer","5111.3","2024-09-05"
"311","151","Transfer","5897.43","2023-10-25"
"312","775","Payment","7995.23","2023-12-12"
"313","583","Deposit","3782.23","2024-08-30"
"314","566","Withdrawal","2972.84","2023-10-29"
"315","751","Withdrawal","4526.64","2024-06-26"
"316","422","Payment","6628.78","2024-09-17"
"317","294","Transfer","3671.41","2023-10-19"
"318","251","Transfer","3788.18","2024-01-01"
"319","38","Payment","2287.39","2024-07-07"
"320","724","Payment","5917.28","2024-04-03"
"321","92","Deposit","9232.98","2024-02-23"
"322","555","Withdrawal","1973.56","2024-07-09"
"323","429","Payment","5551.3","2023-10-13"
"324","739","Transfer","5676.23","2024-04-28"
"325","728","Payment","8378.29","2023-11-15"
"326","784","Withdrawal","2418.07","2024-08-27"
"327","730","Deposit","7299.31","2024-05-14"
"328","869","Payment","6363.27","2024-04-04"
"329","993","Payment","510.06","2023-11-09"
"330","977","Withdrawal","4289","2023-10-08"
"331","378","Deposit","3098.72","2024-03-26"
"332","664","Deposit","650.92","2024-02-03"
"333","808","Withdrawal","5004.09","2024-08-07"
"334","267","Deposit","8559.77","2024-01-08"
"335","522","Payment","2741.04","2024-09-05"
"336","507","Deposit","2275.3","2024-06-14"
"337","372","Payment","9389.98","2024-01-24"
"338","961","Transfer","8417.36","2024-02-07"
"339","511","Transfer","1606.85","2024-02-20"
"340","474","Withdrawal","9023.26","2023-11-09"
"341","782","Withdrawal","6117.12","2024-01-17"
"342","273","Transfer","2180.32","2024-04-07"
"343","876","Transfer","9743.46","2024-05-12"
"344","569","Deposit","2866.4","2024-05-18"
"345","922","Payment","2503.06","2024-09-24"
"346","462","Payment","4512.99","2024-05-12"
"347","546","Deposit","8999.3","2024-07-31"
"348","281","Transfer","5745.07","2024-05-24"
"349","863","Withdrawal","7799.77","2024-09-27"
"350","18","Withdrawal","8133.61","2024-04-10"
"351","650","Payment","7063.65","2024-08-12"
"352","544","Withdrawal","9289.72","2024-09-22"
"353","748","Deposit","7747.5","2024-07-09"
"354","533","Withdrawal","7105.82","2024-04-23"
"355","926","Payment","9980.76","2023-10-02"
"356","923","Payment","4302.95","2023-10-24"
"357","520","Transfer","4108.37","2024-02-17"
"358","277","Deposit","1276.06","2023-10-07"
"359","415","Payment","6942.11","2024-06-22"
"360","214","Deposit","922.72","2024-03-26"
"361","316","Deposit","683.37","2024-08-29"
"362","134","Transfer","4154.72","2024-05-28"
"363","457","Payment","4113.47","2024-06-17"
"364","274","Deposit","1900.72","2024-02-07"
"365","458","Deposit","2912.37","2023-12-15"
"366","214","Transfer","176.93","2024-02-16"
"367","343","Deposit","5989.27","2024-08-21"
"368","216","Payment","7899.9","2024-06-04"
"369","954","Deposit","5866.61","2023-12-24"
"370","451","Payment","3801.66","2024-01-03"
"371","158","Withdrawal","7506.96","2024-01-10"
"372","462","Payment","841.9","2024-02-02"
"373","917","Withdrawal","5800.95","2023-12-24"
"374","162","Transfer","2865.75","2024-03-29"
"375","103","Deposit","4586.38","2024-09-09"
"376","960","Payment","3323.97","2024-06-04"
"377","794","Withdrawal","1846.04","2023-12-17"
"378","294","Deposit","3787.84","2024-05-21"
"379","411","Transfer","4767.92","2023-10-17"
"380","185","Withdrawal","7046.72","2024-04-13"
"381","533","Payment","6220.05","2023-10-06"
"382","154","Withdrawal","2077.03","2023-10-09"
"383","658","Deposit","7300.98","2024-03-11"
"384","307","Deposit","845.81","2024-01-11"
"385","560","Deposit","9344.74","2024-04-30"
"386","355","Transfer","7956.32","2024-09-23"
"387","506","Transfer","6076.48","2024-04-15"
"388","916","Payment","4137.72","2024-05-24"
"389","383","Withdrawal","4702.73","2023-12-12"
"390","833","Transfer","7056.42","2024-08-28"
"391","969","Transfer","4996.44","2024-06-17"
"392","173","Deposit","3406.77","2024-08-06"
"393","111","Payment","7886.78","2023-12-10"
"394","493","Deposit","6766.68","2024-01-16"
"395","680","Deposit","857.47","2024-03-28"
"396","278","Payment","3685.59","2024-09-09"
"397","536","Payment","9197.72","2023-11-19"
"398","941","Payment","2950.19","2024-01-04"
"399","112","Withdrawal","4153.1","2024-04-08"
"400","858","Withdrawal","9302.57","2023-10-17"
"401","385","Transfer","8599.44","2023-11-03"
"402","689","Transfer","556.27","2024-07-09"
"403","253","Withdrawal","1862.29","2023-11-17"
"404","255","Deposit","2598.21","2024-01-26"
"405","2","Deposit","1582.75","2024-09-28"
"406","770","Transfer","7697.82","2024-05-17"
"407","556","Withdrawal","508.87","2024-02-13"
"408","451","Transfer","9885.17","2024-03-05"
"409","251","Withdrawal","5291.9","2024-03-10"
"410","288","Withdrawal","780.52","2024-01-15"
"411","862","Deposit","3632.26","2024-03-29"
"412","162","Withdrawal","1490.62","2024-02-18"
"413","934","Transfer","8367.93","2024-06-21"
"414","901","Withdrawal","5186.56","2023-10-01"
"415","721","Deposit","9093.76","2023-12-18"
"416","263","Transfer","8769.42","2024-06-24"
"417","170","Payment","9878.91","2023-10-04"
"418","555","Transfer","6955.97","2024-09-16"
"419","675","Payment","7354.01","2024-07-17"
"420","308","Transfer","5615.74","2024-04-01"
"421","794","Deposit","5567.68","2024-07-25"
"422","592","Payment","9316.6","2024-06-25"
"423","501","Deposit","107.44","2024-06-06"
"424","40","Deposit","4093.88","2024-08-07"
"425","598","Transfer","8350.81","2024-08-22"
"426","291","Transfer","5261.54","2024-08-05"
"427","617","Deposit","1317.94","2024-04-27"
"428","242","Payment","3330.13","2024-06-30"
"429","580","Deposit","7338.45","2024-09-15"
"430","619","Payment","2243.86","2023-12-27"
"431","756","Payment","141.42","2024-05-23"
"432","721","Payment","58.74","2024-03-05"
"433","730","Deposit","8705.88","2024-08-15"
"434","537","Deposit","1324.46","2024-03-30"
"435","508","Payment","4357.28","2024-06-09"
"436","959","Deposit","7291","2024-05-04"
"437","619","Payment","571.52","2023-12-03"
"438","795","Deposit","7537.39","2024-03-23"
"439","118","Withdrawal","730.17","2023-11-25"
"440","410","Deposit","2038.36","2024-03-01"
"441","288","Deposit","397.77","2024-09-11"
"442","839","Payment","6337.09","2024-04-18"
"443","462","Withdrawal","8037.29","2023-10-14"
"444","67","Deposit","5594.88","2024-03-30"
"445","370","Payment","4466.75","2024-06-23"
"446","763","Transfer","8146.28","2024-08-29"
"447","361","Payment","5235.39","2024-07-20"
"448","834","Transfer","5680.37","2024-04-15"
"449","815","Transfer","6738.16","2024-01-04"
"450","714","Transfer","56.91","2023-10-05"
"451","897","Transfer","1487.2","2024-01-01"
"452","271","Withdrawal","7784.18","2024-02-01"
"453","1","Transfer","9224.01","2024-08-17"
"454","706","Transfer","6119.72","2024-04-26"
"455","831","Deposit","9709.68","2024-03-02"
"456","290","Payment","6083.33","2024-08-18"
"457","308","Deposit","1509.59","2024-01-20"
"458","159","Transfer","8871.14","2024-08-26"
"459","177","Withdrawal","9071.9","2024-09-13"
"460","650","Payment","944.68","2024-05-24"
"461","741","Withdrawal","6342.37","2024-05-24"
"462","10","Transfer","1741","2024-02-15"
"463","899","Withdrawal","4789.18","2024-01-28"
"464","8","Deposit","1949.18","2024-07-25"
"465","839","Deposit","7859.62","2024-08-27"
"466","664","Transfer","5453.43","2024-02-04"
"467","558","Withdrawal","9598.49","2024-06-03"
"468","501","Transfer","8548.63","2024-02-12"
"469","124","Withdrawal","8518.49","2024-06-21"
"470","74","Deposit","1038.44","2024-05-14"
"471","551","Withdrawal","7791.57","2024-08-03"
"472","803","Payment","870.31","2024-07-21"
"473","776","Deposit","3626.09","2024-04-25"
"474","965","Withdrawal","7250.08","2023-12-04"
"475","954","Payment","2786.41","2023-10-01"
"476","312","Transfer","5031.73","2024-09-23"
"477","803","Withdrawal","1921.52","2024-09-01"
"478","387","Deposit","5393.26","2024-06-17"
"479","279","Deposit","3586.92","2024-07-07"
"480","753","Withdrawal","7358.47","2024-03-02"
"481","438","Transfer","2793.84","2023-11-24"
"482","602","Payment","3242.99","2024-03-12"
"483","63","Payment","5949.54","2024-07-09"
"484","653","Withdrawal","6361.04","2024-08-06"
"485","739","Withdrawal","9421.59","2024-03-19"
"486","194","Withdrawal","8741.82","2024-09-15"
"487","498","Transfer","6155.95","2024-04-23"
"488","957","Withdrawal","669.99","2023-12-14"
"489","387","Payment","3154.69","2024-09-13"
"490","544","Transfer","732.08","2024-05-25"
"491","395","Payment","487.94","2023-11-16"
"492","113","Payment","4251.46","2023-12-02"
"493","222","Transfer","9628.12","2024-07-08"
"494","189","Transfer","3089.64","2024-04-06"
"495","454","Transfer","3482.64","2023-11-22"
"496","640","Payment","6468.88","2024-05-27"
"497","850","Transfer","67.03","2024-06-12"
"498","626","Withdrawal","4335.46","2024-09-11"
"499","148","Payment","4994.65","2024-08-01"
"500","139","Transfer","226.53","2023-11-30"
"501","716","Deposit","5893.98","2023-11-01"
"502","993","Payment","8440.57","2024-05-25"
"503","157","Withdrawal","8215.49","2024-02-28"
"504","598","Withdrawal","7469.12","2024-08-23"
"505","10","Withdrawal","6459.03","2024-03-07"
"506","346","Transfer","3940.99","2024-08-09"
"507","963","Withdrawal","1851.35","2024-04-23"
"508","979","Withdrawal","8395.55","2024-02-16"
"509","577","Deposit","9193.31","2024-06-18"
"510","511","Payment","4200.34","2024-08-23"
"511","172","Payment","9615.4","2024-03-16"
"512","216","Transfer","2042.79","2024-06-24"
"513","563","Transfer","8914.3","2024-03-23"
"514","555","Transfer","2552.84","2024-01-28"
"515","913","Deposit","163.24","2023-12-11"
"516","82","Payment","2089.37","2023-11-08"
"517","434","Deposit","8875.09","2024-09-17"
"518","106","Deposit","5238.41","2024-07-14"
"519","791","Transfer","5838.59","2023-10-07"
"520","666","Payment","168.22","2024-07-27"
"521","684","Withdrawal","4794.48","2023-10-04"
"522","240","Deposit","1088.58","2024-07-13"
"523","181","Deposit","6993.18","2023-09-29"
"524","305","Transfer","6331.62","2024-07-22"
"525","657","Transfer","4931.61","2024-03-08"
"526","266","Withdrawal","9304.61","2023-10-22"
"527","673","Payment","2818.5","2024-08-31"
"528","8","Transfer","91.28","2023-10-08"
"529","150","Payment","2943.91","2024-07-26"
"530","414","Deposit","1197.46","2024-06-03"
"531","548","Withdrawal","9293.18","2023-10-20"
"532","841","Withdrawal","3243.54","2024-02-27"
"533","160","Withdrawal","3412.94","2024-04-09"
"534","502","Transfer","5026.62","2023-12-01"
"535","792","Payment","2955.84","2023-12-13"
"536","451","Transfer","8034.66","2023-10-02"
"537","769","Payment","2694.72","2024-03-12"
"538","489","Withdrawal","9219.13","2024-05-21"
"539","69","Payment","2661.69","2024-06-09"
"540","133","Withdrawal","7158.27","2024-03-16"
"541","759","Transfer","7093.25","2024-04-03"
"542","655","Transfer","8340.29","2024-05-24"
"543","725","Withdrawal","3507.3","2024-06-14"
"544","681","Transfer","7047.34","2024-07-13"
"545","864","Deposit","3825.49","2024-02-15"
"546","605","Transfer","9764.22","2024-06-25"
"547","737","Deposit","6775.39","2023-10-07"
"548","896","Deposit","2256.15","2023-10-16"
"549","688","Deposit","5378.53","2023-10-20"
"550","251","Withdrawal","4003.29","2024-07-04"
"551","795","Transfer","3254.3","2024-02-04"
"552","100","Withdrawal","7941.11","2024-08-11"
"553","588","Payment","7408.15","2024-02-04"
"554","885","Deposit","3233.88","2024-05-20"
"555","173","Payment","8466.43","2024-02-17"
"556","876","Transfer","3695.72","2024-06-12"
"557","930","Transfer","2530.23","2023-11-13"
"558","314","Transfer","7670.99","2023-11-23"
"559","366","Deposit","1975.35","2023-10-02"
"560","104","Deposit","3633.32","2024-08-25"
"561","739","Deposit","418.05","2024-02-21"
"562","394","Withdrawal","3871.82","2023-11-17"
"563","133","Withdrawal","4216.26","2024-06-21"
"564","642","Deposit","1249.32","2024-07-24"
"565","438","Transfer","9385.41","2024-03-07"
"566","558","Payment","4859.4","2024-08-19"
"567","287","Deposit","8759.11","2024-04-26"
"568","452","Payment","9690.25","2024-01-27"
"569","828","Payment","2634.85","2024-03-22"
"570","126","Transfer","7403","2024-05-05"
"571","13","Payment","2868.42","2024-06-25"
"572","661","Deposit","9759.15","2023-12-01"
"573","329","Payment","3719.62","2024-04-23"
"574","970","Withdrawal","9478.59","2023-10-06"
"575","404","Transfer","7499.43","2024-03-09"
"576","628","Payment","4953.95","2024-08-07"
"577","386","Withdrawal","2848.96","2024-08-06"
"578","112","Withdrawal","2526.01","2024-06-13"
"579","231","Payment","5649.06","2024-08-18"
"580","175","Withdrawal","7454.06","2024-06-28"
"581","623","Payment","2578.13","2023-11-07"
"582","950","Deposit","5912.48","2023-12-17"
"583","58","Transfer","8961.02","2024-01-07"
"584","678","Transfer","5266.71","2024-07-30"
"585","343","Deposit","4156.11","2024-01-13"
"586","431","Deposit","7635.89","2024-04-23"
"587","521","Transfer","1801.26","2024-04-30"
"588","540","Withdrawal","9312.18","2024-08-21"
"589","533","Transfer","1916.78","2024-09-07"
"590","845","Withdrawal","809.38","2024-06-16"
"591","851","Transfer","7295.41","2023-10-01"
"592","568","Payment","9884.79","2024-01-18"
"593","441","Deposit","824.13","2024-03-04"
"594","331","Deposit","7319.63","2023-12-25"
"595","40","Transfer","6045.16","2024-04-03"
"596","230","Transfer","5043.06","2024-04-20"
"597","741","Payment","2512.59","2024-04-30"
"598","828","Deposit","9691.25","2024-02-28"
"599","925","Transfer","4567.9","2024-02-15"
"600","216","Transfer","1798.78","2024-09-27"
"601","938","Withdrawal","7957.48","2024-02-08"
"602","787","Transfer","2240.22","2024-03-17"
"603","636","Payment","8443.26","2024-01-27"
"604","994","Withdrawal","2545.59","2024-06-03"
"605","511","Payment","9298.02","2024-06-06"
"606","192","Transfer","5421.46","2024-04-23"
"607","765","Withdrawal","3475.11","2023-12-02"
"608","620","Transfer","4736.94","2023-12-16"
"609","278","Payment","2283.95","2023-10-18"
"610","355","Deposit","9382.54","2023-11-26"
"611","28","Withdrawal","3753.61","2024-01-20"
"612","63","Transfer","671.34","2024-06-19"
"613","538","Payment","9330.85","2024-08-25"
"614","769","Deposit","1613.16","2023-12-17"
"615","823","Deposit","1473.12","2024-09-17"
"616","584","Payment","138.9","2024-08-21"
"617","560","Payment","4361.21","2024-01-22"
"618","742","Withdrawal","3871.54","2024-04-16"
"619","386","Deposit","3453.47","2024-08-16"
"620","978","Withdrawal","2888.24","2024-05-05"
"621","414","Payment","4231.58","2024-01-22"
"622","663","Withdrawal","6570.23","2024-07-31"
"623","183","Withdrawal","3950.02","2024-04-19"
"624","940","Withdrawal","2490.25","2024-09-10"
"625","685","Deposit","6506.9","2024-01-25"
"626","379","Payment","949.56","2024-06-01"
"627","370","Payment","3530.18","2023-11-24"
"628","372","Payment","8875.16","2024-02-14"
"629","95","Deposit","7520.02","2024-06-20"
"630","794","Transfer","8254.86","2024-08-31"
"631","225","Withdrawal","7048.71","2024-03-16"
"632","524","Deposit","7333.57","2024-07-09"
"633","231","Transfer","7930.09","2024-04-18"
"634","269","Deposit","9135.86","2024-09-23"
"635","429","Transfer","7957.96","2023-12-18"
"636","675","Deposit","1411.97","2024-04-08"
"637","697","Payment","9239.99","2024-01-27"
"638","361","Transfer","8291.47","2024-08-05"
"639","629","Withdrawal","7240.61","2024-08-05"
"640","547","Payment","2189.4","2024-09-21"
"641","869","Transfer","7167.39","2024-01-22"
"642","354","Transfer","7795.61","2024-04-24"
"643","827","Deposit","8584.09","2023-11-09"
"644","81","Transfer","9434.33","2024-04-03"
"645","114","Deposit","6498.09","2024-06-13"
"646","405","Transfer","3516.87","2023-12-31"
"647","278","Transfer","1339.64","2024-02-10"
"648","986","Payment","4385.83","2024-08-06"
"649","702","Deposit","8360.77","2024-07-04"
"650","864","Deposit","8814.47","2024-04-04"
"651","907","Withdrawal","9196.61","2023-12-05"
"652","869","Deposit","7589.35","2023-10-30"
"653","537","Payment","8544.05","2024-06-09"
"654","28","Deposit","9865.73","2024-09-27"
"655","550","Withdrawal","435.19","2024-07-13"
"656","334","Payment","430.8","2024-03-06"
"657","978","Transfer","1432.26","2024-08-27"
"658","512","Payment","3999.38","2024-01-09"
"659","385","Payment","4596.73","2024-06-05"
"660","272","Withdrawal","6334.1","2024-08-01"
"661","703","Deposit","5764.64","2024-09-09"
"662","235","Payment","6916.37","2024-09-27"
"663","630","Transfer","9296.73","2024-09-12"
"664","402","Payment","6305.65","2023-11-24"
"665","369","Payment","3963.07","2024-08-03"
"666","867","Deposit","1596.01","2023-11-13"
"667","288","Payment","3875.33","2024-05-28"
"668","480","Payment","6223.65","2024-09-24"
"669","222","Deposit","1692.9","2024-05-05"
"670","67","Transfer","2194.94","2024-09-10"
"671","809","Payment","2716.64","2024-06-12"
"672","597","Payment","9556.98","2024-01-06"
"673","47","Payment","3960.53","2024-04-20"
"674","288","Transfer","9547.21","2023-11-11"
"675","489","Withdrawal","4553.67","2024-02-22"
"676","181","Withdrawal","9009.89","2024-04-07"
"677","228","Deposit","1013.09","2023-11-01"
"678","787","Transfer","2631.38","2024-02-22"
"679","683","Withdrawal","8651.95","2023-11-19"
"680","452","Payment","9327.64","2023-12-06"
"681","484","Transfer","8792.17","2024-07-20"
"682","828","Withdrawal","1891.93","2024-08-17"
"683","406","Deposit","6852.51","2024-07-02"
"684","900","Withdrawal","1870.72","2024-06-03"
"685","275","Deposit","8430.24","2024-09-12"
"686","405","Transfer","7250.25","2023-12-26"
"687","346","Transfer","6541.87","2023-10-31"
"688","302","Payment","8540.73","2024-06-03"
"689","259","Payment","909.19","2024-02-22"
"690","125","Withdrawal","8156.49","2023-10-21"
"691","781","Payment","8895.55","2023-10-01"
"692","982","Withdrawal","2514.57","2024-09-01"
"693","893","Transfer","5861.44","2024-03-06"
"694","441","Deposit","3475.75","2024-09-03"
"695","750","Deposit","3301.8","2024-02-10"
"696","984","Deposit","473.5","2024-04-09"
"697","130","Withdrawal","5624.51","2024-09-04"
"698","954","Withdrawal","8843.92","2023-09-29"
"699","490","Withdrawal","5157.7","2024-07-07"
"700","899","Deposit","6915.73","2023-12-19"
"701","777","Transfer","7797.39","2024-04-05"
"702","61","Transfer","7272.95","2024-06-25"
"703","522","Withdrawal","4880.83","2024-03-18"
"704","953","Transfer","8948.42","2024-06-22"
"705","402","Transfer","4759.44","2024-08-15"
"706","236","Transfer","1489.32","2024-02-25"
"707","510","Payment","2671.75","2023-11-27"
"708","466","Deposit","5822.85","2024-04-06"
"709","295","Transfer","7259.15","2023-12-12"
"710","429","Transfer","5901.91","2023-10-27"
"711","214","Deposit","8923.97","2024-08-22"
"712","278","Deposit","5535.97","2024-09-14"
"713","514","Deposit","5170.65","2024-01-07"
"714","187","Deposit","5386.19","2024-01-01"
"715","492","Payment","5048.18","2024-01-03"
"716","733","Deposit","7772.15","2024-01-25"
"717","846","Transfer","1499.99","2024-07-06"
"718","300","Payment","5750.68","2024-07-06"
"719","789","Deposit","7692.59","2024-04-28"
"720","441","Transfer","2932.07","2024-08-05"
"721","281","Deposit","4427.55","2024-01-01"
"722","119","Transfer","879.28","2024-06-05"
"723","850","Withdrawal","4876.44","2024-01-22"
"724","419","Payment","9947.76","2024-06-21"
"725","526","Withdrawal","320.36","2023-12-07"
"726","95","Payment","8264.27","2024-04-11"
"727","68","Payment","8913.68","2024-04-09"
"728","391","Payment","9334.86","2024-02-03"
"729","965","Deposit","488.2","2024-05-15"
"730","291","Transfer","7404.24","2024-03-24"
"731","141","Payment","1728.61","2024-01-13"
"732","307","Deposit","3192.05","2023-10-26"
"733","915","Deposit","7941.35","2023-10-28"
"734","709","Transfer","9745.99","2023-12-24"
"735","998","Withdrawal","1235.95","2023-12-07"
"736","198","Deposit","1007.77","2024-06-23"
"737","349","Payment","9757.2","2024-05-08"
"738","800","Withdrawal","5073.64","2024-09-21"
"739","557","Withdrawal","2711.04","2023-11-20"
"740","169","Payment","4997.87","2024-07-13"
"741","353","Payment","5600.73","2023-11-12"
"742","423","Withdrawal","2209.56","2024-09-05"
"743","634","Payment","442.17","2023-10-13"
"744","250","Deposit","7777.57","2023-12-30"
"745","248","Withdrawal","2041.03","2024-03-20"
"746","951","Payment","6205.86","2024-06-08"
"747","786","Payment","527.57","2024-04-08"
"748","925","Transfer","2475.2","2024-08-01"
"749","692","Payment","7260.15","2023-12-08"
"750","655","Withdrawal","9815.9","2024-05-04"
"751","675","Transfer","9681.91","2024-04-12"
"752","681","Withdrawal","1386.6","2023-12-29"
"753","675","Payment","5682.39","2024-05-22"
"754","271","Transfer","1431.99","2024-01-06"
"755","768","Withdrawal","7174.36","2024-05-31"
"756","542","Payment","3185.82","2023-10-22"
"757","202","Transfer","3497.38","2024-06-04"
"758","985","Payment","8781.3","2023-11-12"
"759","578","Payment","5886.04","2023-12-27"
"760","371","Withdrawal","7821.19","2024-07-23"
"761","981","Withdrawal","4635.95","2024-05-21"
"762","832","Transfer","4957.1","2024-07-15"
"763","815","Withdrawal","2181.24","2023-12-11"
"764","961","Withdrawal","1026.97","2024-06-09"
"765","699","Transfer","1074.26","2024-09-28"
"766","382","Withdrawal","6217.9","2024-01-19"
"767","171","Withdrawal","5698.21","2024-03-15"
"768","555","Withdrawal","8516.12","2024-05-13"
"769","890","Transfer","4117.18","2024-07-17"
"770","25","Payment","7574","2024-07-01"
"771","429","Withdrawal","8496.35","2024-02-10"
"772","609","Transfer","678.14","2024-05-06"
"773","387","Deposit","2014.89","2023-12-05"
"774","950","Transfer","5329.56","2024-07-23"
"775","392","Withdrawal","5432.02","2023-12-22"
"776","593","Payment","2397.76","2024-06-19"
"777","894","Transfer","9299.23","2023-12-13"
"778","882","Deposit","2221.12","2023-12-25"
"779","472","Payment","8227.96","2024-03-06"
"780","9","Withdrawal","179.54","2024-07-28"
"781","520","Deposit","6077.22","2024-04-19"
"782","429","Withdrawal","210.41","2023-12-12"
"783","813","Payment","8578.78","2024-05-31"
"784","812","Payment","8137.41","2024-07-07"
"785","398","Payment","417.57","2024-06-28"
"786","364","Payment","5211.9","2023-10-21"
"787","756","Deposit","1660.37","2024-03-07"
"788","324","Payment","4120.3","2024-09-16"
"789","337","Transfer","8829.99","2024-05-17"
"790","436","Transfer","1849.19","2023-12-21"
"791","889","Deposit","5663.54","2024-06-13"
"792","539","Withdrawal","2779.93","2024-03-07"
"793","458","Withdrawal","5464.14","2024-04-18"
"794","497","Deposit","4104.91","2024-01-19"
"795","667","Payment","5901.1","2023-12-29"
"796","786","Transfer","9460.6","2024-01-26"
"797","175","Deposit","6070.78","2024-07-05"
"798","60","Deposit","685.66","2023-11-17"
"799","157","Deposit","9323.62","2024-09-24"
"800","99","Transfer","2225.3","2024-07-08"
"801","333","Payment","1104.9","2023-11-05"
"802","681","Withdrawal","1647.86","2024-08-18"
"803","598","Payment","8276.27","2024-01-28"
"804","285","Withdrawal","7496.81","2024-02-06"
"805","577","Deposit","6743.13","2024-03-21"
"806","87","Transfer","1779.32","2024-09-02"
"807","816","Payment","1514.21","2024-07-20"
"808","294","Transfer","6454.21","2024-02-20"
"809","521","Payment","8384.74","2023-12-31"
"810","622","Payment","9474.85","2023-10-07"
"811","844","Payment","3505.05","2024-05-28"
"812","910","Withdrawal","9515.28","2024-04-07"
"813","13","Transfer","2615.34","2024-08-23"
"814","910","Transfer","3191.48","2024-07-01"
"815","304","Withdrawal","3269.15","2024-06-25"
"816","685","Withdrawal","3097.67","2024-03-04"
"817","663","Withdrawal","3790.77","2024-08-25"
"818","54","Deposit","2255.83","2024-09-28"
"819","578","Deposit","7122.62","2024-02-28"
"820","260","Payment","5421.08","2024-05-26"
"821","122","Payment","6930.9","2023-12-09"
"822","473","Deposit","9748.83","2024-09-05"
"823","558","Payment","1715.33","2024-08-09"
"824","869","Withdrawal","9650.83","2024-04-22"
"825","983","Payment","1179.53","2024-06-02"
"826","183","Payment","6872.34","2023-12-06"
"827","577","Withdrawal","3352.76","2023-10-16"
"828","851","Deposit","3607.02","2023-10-11"
"829","576","Transfer","3533.09","2024-07-19"
"830","119","Payment","8177.98","2024-07-31"
"831","487","Payment","8548.27","2023-10-15"
"832","692","Withdrawal","1805.78","2023-11-02"
"833","743","Withdrawal","873.01","2023-11-04"
"834","580","Payment","952.49","2023-10-14"
"835","571","Transfer","3990.35","2024-02-05"
"836","417","Payment","7415.82","2024-02-09"
"837","628","Withdrawal","9033.11","2024-04-15"
"838","877","Deposit","3919.09","2024-09-23"
"839","779","Withdrawal","5178.57","2024-04-16"
"840","340","Transfer","6603.46","2024-08-25"
"841","619","Withdrawal","323.88","2024-04-23"
"842","855","Payment","6196.24","2024-03-19"
"843","28","Deposit","1944.15","2024-01-10"
"844","995","Withdrawal","1622.8","2023-10-20"
"845","881","Withdrawal","3578.03","2024-01-11"
"846","839","Payment","269.91","2024-04-17"
"847","834","Withdrawal","8157.82","2024-05-28"
"848","516","Transfer","7784.33","2024-08-16"
"849","911","Deposit","8042.05","2024-07-19"
"850","605","Transfer","7188.94","2024-09-18"
"851","747","Payment","6109.55","2024-07-10"
"852","328","Transfer","1420.68","2023-11-08"
"853","717","Transfer","8028.06","2024-09-08"
"854","688","Withdrawal","8060.46","2023-11-23"
"855","837","Payment","417.67","2024-01-31"
"856","127","Deposit","7019.04","2024-09-28"
"857","133","Transfer","4024.74","2024-04-26"
"858","878","Deposit","2224.2","2024-08-21"
"859","569","Transfer","9243.4","2024-05-21"
"860","330","Payment","1331.38","2023-11-01"
"861","463","Deposit","4805.97","2024-08-18"
"862","315","Withdrawal","5133.56","2024-08-16"
"863","656","Transfer","3398.3","2023-10-01"
"864","659","Withdrawal","3784.31","2024-05-18"
"865","232","Withdrawal","1007.97","2024-03-29"
"866","392","Deposit","7732.56","2023-12-08"
"867","89","Withdrawal","5625.15","2024-06-02"
"868","368","Transfer","9216.62","2024-03-15"
"869","434","Payment","3443.65","2023-12-16"
"870","290","Transfer","5036.54","2023-10-05"
"871","329","Deposit","5036.41","2024-01-16"
"872","345","Deposit","6422.65","2024-03-30"
"873","35","Transfer","6437.08","2024-06-05"
"874","316","Payment","4255.16","2024-04-03"
"875","648","Payment","8206.06","2024-04-13"
"876","247","Withdrawal","3844.8","2023-10-12"
"877","60","Transfer","8697.3","2024-08-09"
"878","179","Transfer","795.62","2024-07-05"
"879","482","Deposit","1059.02","2024-06-24"
"880","415","Withdrawal","4090.37","2024-06-03"
"881","165","Deposit","7641.86","2024-03-28"
"882","81","Payment","9994.1","2024-03-04"
"883","825","Payment","5845.2","2024-02-03"
"884","370","Payment","3638.71","2024-07-14"
"885","674","Payment","2267.2","2024-05-07"
"886","475","Withdrawal","2457.5","2023-11-15"
"887","256","Withdrawal","3241.13","2023-12-02"
"888","315","Deposit","7630.72","2024-02-20"
"889","145","Transfer","2842.73","2024-01-07"
"890","96","Deposit","5665.99","2023-11-09"
"891","983","Payment","8899.51","2024-03-19"
"892","30","Withdrawal","2879.01","2023-12-18"
"893","406","Payment","2739.73","2024-03-24"
"894","614","Payment","7376.82","2024-09-18"
"895","695","Transfer","6296.25","2024-09-07"
"896","946","Transfer","7127.27","2024-06-15"
"897","876","Withdrawal","8877.01","2024-01-20"
"898","89","Payment","366.74","2023-10-23"
"899","780","Transfer","5081.5","2024-03-17"
"900","904","Payment","912.09","2023-11-14"
"901","420","Transfer","3426.07","2024-06-18"
"902","607","Withdrawal","1245.23","2024-03-03"
"903","44","Transfer","5886.44","2024-02-01"
"904","400","Transfer","4139.7","2024-01-02"
"905","594","Withdrawal","6239.25","2024-04-21"
"906","626","Payment","7172.06","2023-11-01"
"907","897","Transfer","2786.85","2024-07-17"
"908","985","Withdrawal","1027.13","2024-01-27"
"909","9","Deposit","7528.24","2023-10-11"
"910","87","Transfer","8416.03","2024-02-22"
"911","767","Withdrawal","3727.4","2024-09-22"
"912","728","Deposit","5095.11","2024-07-19"
"913","763","Transfer","2347.05","2024-07-26"
"914","993","Deposit","3193.81","2024-04-17"
"915","542","Deposit","3384.49","2023-11-17"
"916","987","Payment","6472.61","2024-07-01"
"917","185","Deposit","5701.44","2024-07-06"
"918","608","Transfer","6409.54","2024-09-02"
"919","369","Payment","3163.54","2023-11-25"
"920","871","Deposit","1743.67","2024-08-28"
"921","965","Payment","8788.44","2024-05-30"
"922","30","Payment","605.4","2024-04-30"
"923","385","Deposit","9324.49","2024-04-09"
"924","472","Transfer","1630.8","2024-04-16"
"925","813","Deposit","1380.72","2024-08-02"
"926","199","Deposit","2458.85","2024-01-17"
"927","236","Deposit","2295.1","2024-01-20"
"928","700","Withdrawal","495.28","2023-11-23"
"929","814","Deposit","4773.86","2024-04-18"
"930","175","Transfer","8467.45","2023-12-14"
"931","912","Deposit","9733.68","2023-11-23"
"932","957","Withdrawal","5934.76","2023-10-29"
"933","120","Payment","8820.56","2024-05-03"
"934","681","Transfer","3399.02","2024-02-15"
"935","247","Deposit","3746.36","2024-05-17"
"936","438","Withdrawal","7983.86","2024-08-07"
"937","33","Withdrawal","5560.71","2024-02-26"
"938","936","Payment","3362.18","2024-03-30"
"939","633","Withdrawal","5135.1","2024-02-02"
"940","165","Transfer","2923.55","2024-07-21"
"941","620","Deposit","5794.7","2023-12-24"
"942","331","Deposit","9328.21","2024-04-03"
"943","937","Deposit","7392.52","2024-02-16"
"944","539","Transfer","2556.58","2023-12-21"
"945","802","Transfer","7546.63","2024-02-06"
"946","334","Transfer","6566.74","2024-08-21"
"947","45","Payment","2260.71","2024-07-14"
"948","101","Payment","4600.87","2024-05-05"
"949","820","Transfer","3742.27","2023-10-14"
"950","872","Withdrawal","1292.33","2023-10-18"
"951","786","Payment","9464.6","2024-08-07"
"952","978","Withdrawal","7478.96","2024-02-24"
"953","647","Payment","4096.32","2023-12-07"
"954","868","Deposit","2239.29","2024-01-07"
"955","407","Withdrawal","5578.79","2024-09-26"
"956","12","Payment","2057.44","2024-04-18"
"957","879","Payment","8610.03","2023-12-02"
"958","535","Withdrawal","6872.03","2023-12-06"
"959","931","Transfer","3104.42","2024-09-04"
"960","59","Withdrawal","8060.24","2023-12-17"
"961","502","Transfer","6954.63","2024-07-18"
"962","930","Withdrawal","1235.13","2023-10-17"
"963","691","Deposit","3422.97","2023-11-05"
"964","199","Payment","9657.96","2024-06-18"
"965","319","Withdrawal","3338.49","2023-10-08"
"966","555","Transfer","6723.91","2024-04-22"
"967","213","Withdrawal","5090.24","2023-10-05"
"968","341","Transfer","2114.27","2024-06-13"
"969","699","Transfer","1932.31","2023-12-08"
"970","383","Withdrawal","1781.92","2024-09-05"
"971","18","Withdrawal","8917.64","2024-03-24"
"972","588","Payment","5782.8","2024-07-20"
"973","743","Payment","5962.46","2024-01-06"
"974","249","Withdrawal","137.11","2024-05-18"
"975","53","Transfer","5425.72","2024-05-13"
"976","333","Transfer","836.54","2023-10-18"
"977","876","Payment","545.38","2024-01-17"
"978","741","Deposit","903.3","2024-03-02"
"979","923","Deposit","8024.53","2024-07-22"
"980","955","Payment","355.7","2024-07-30"
"981","28","Deposit","9685.06","2024-04-06"
"982","324","Payment","3164.02","2024-08-22"
"983","190","Payment","4590.39","2024-09-14"
"984","274","Withdrawal","5476.04","2023-11-28"
"985","404","Payment","669.5","2024-06-02"
"986","997","Payment","2696.13","2024-05-24"
"987","550","Deposit","5299.12","2023-12-10"
"988","44","Deposit","9729.71","2024-04-16"
"989","758","Withdrawal","7650.99","2024-04-25"
"990","838","Transfer","5631.06","2024-03-09"
"991","406","Withdrawal","8855.5","2023-12-14"
"992","952","Payment","5224.98","2024-03-08"
"993","188","Withdrawal","1947.39","2024-09-27"
"994","82","Deposit","5617.57","2023-12-24"
"995","866","Deposit","5586.97","2023-12-05"
"996","922","Deposit","4334.38","2024-05-18"
"997","411","Deposit","1853.54","2023-10-29"
"998","406","Payment","2684.46","2024-01-25"
"999","287","Withdrawal","8317.21","2024-08-22"
"1000","377","Transfer","1600.85","2024-06-16"
